F	L	A	S	H	_	W	H	I	T	E	0	_	B	L	A	C	K	0	"	"	C	o	l	o	r	s	"	"	D	I	n	t	"	"	0	"	"
F	L	A	S	H	_	W	H	I	T	E	0	_	B	L	A	C	K	1	"	"	C	o	l	o	r	s	"	"	D	I	n	t	"	"	1	"	"
F	L	A	S	H	_	W	H	I	T	E	0	_	B	L	A	C	K	2	"	"	C	o	l	o	r	s	"	"	D	I	n	t	"	"	2	"	"
F	L	A	S	H	_	W	H	I	T	E	1	_	B	L	A	C	K	0	"	"	C	o	l	o	r	s	"	"	D	I	n	t	"	"	3	"	"
F	L	A	S	H	_	W	H	I	T	E	1	_	B	L	A	C	K	1	"	"	C	o	l	o	r	s	"	"	D	I	n	t	"	"	4	"	"
F	L	A	S	H	_	W	H	I	T	E	1	_	B	L	A	C	K	2	"	"	C	o	l	o	r	s	"	"	D	I	n	t	"	"	5	"	"
F	L	A	S	H	_	W	H	I	T	E	2	_	B	L	A	C	K	0	"	"	C	o	l	o	r	s	"	"	D	I	n	t	"	"	6	"	"
F	L	A	S	H	_	W	H	I	T	E	2	_	B	L	A	C	K	1	"	"	C	o	l	o	r	s	"	"	D	I	n	t	"	"	7	"	"
F	L	A	S	H	_	W	H	I	T	E	2	_	B	L	A	C	K	2	"	"	C	o	l	o	r	s	"	"	D	I	n	t	"	"	8	"	"
W	H	I	T	E	0	_	B	L	A	C	K	0	"	"	C	o	l	o	r	s	"	"	D	I	n	t	"	"	9	"	"
W	H	I	T	E	0	_	B	L	A	C	K	1	"	"	C	o	l	o	r	s	"	"	D	I	n	t	"	"	1	0	"	"
W	H	I	T	E	0	_	B	L	A	C	K	2	"	"	C	o	l	o	r	s	"	"	D	I	n	t	"	"	1	1	"	"
W	H	I	T	E	1	_	B	L	A	C	K	0	"	"	C	o	l	o	r	s	"	"	D	I	n	t	"	"	1	2	"	"
W	H	I	T	E	1	_	B	L	A	C	K	1	"	"	C	o	l	o	r	s	"	"	D	I	n	t	"	"	1	3	"	"
W	H	I	T	E	1	_	B	L	A	C	K	2	"	"	C	o	l	o	r	s	"	"	D	I	n	t	"	"	1	4	"	"
W	H	I	T	E	2	_	B	L	A	C	K	0	"	"	C	o	l	o	r	s	"	"	D	I	n	t	"	"	1	5	"	"
W	H	I	T	E	2	_	B	L	A	C	K	1	"	"	C	o	l	o	r	s	"	"	D	I	n	t	"	"	1	6	"	"
W	H	I	T	E	2	_	B	L	A	C	K	2	"	"	C	o	l	o	r	s	"	"	D	I	n	t	"	"	1	7	"	"
F	L	A	S	H	_	W	H	I	T	E	0	_	R	E	D	0	"	"	C	o	l	o	r	s	"	"	D	I	n	t	"	"	1	8	"	"
F	L	A	S	H	_	W	H	I	T	E	0	_	R	E	D	1	"	"	C	o	l	o	r	s	"	"	D	I	n	t	"	"	1	9	"	"
F	L	A	S	H	_	W	H	I	T	E	0	_	R	E	D	2	"	"	C	o	l	o	r	s	"	"	D	I	n	t	"	"	2	0	"	"
F	L	A	S	H	_	W	H	I	T	E	1	_	R	E	D	0	"	"	C	o	l	o	r	s	"	"	D	I	n	t	"	"	2	1	"	"
F	L	A	S	H	_	W	H	I	T	E	1	_	R	E	D	1	"	"	C	o	l	o	r	s	"	"	D	I	n	t	"	"	2	2	"	"
F	L	A	S	H	_	W	H	I	T	E	1	_	R	E	D	2	"	"	C	o	l	o	r	s	"	"	D	I	n	t	"	"	2	3	"	"
F	L	A	S	H	_	W	H	I	T	E	2	_	R	E	D	0	"	"	C	o	l	o	r	s	"	"	D	I	n	t	"	"	2	4	"	"
F	L	A	S	H	_	W	H	I	T	E	2	_	R	E	D	1	"	"	C	o	l	o	r	s	"	"	D	I	n	t	"	"	2	5	"	"
F	L	A	S	H	_	W	H	I	T	E	2	_	R	E	D	2	"	"	C	o	l	o	r	s	"	"	D	I	n	t	"	"	2	6	"	"
W	H	I	T	E	0	_	R	E	D	0	"	"	C	o	l	o	r	s	"	"	D	I	n	t	"	"	2	7	"	"
W	H	I	T	E	0	_	R	E	D	1	"	"	C	o	l	o	r	s	"	"	D	I	n	t	"	"	2	8	"	"
W	H	I	T	E	0	_	R	E	D	2	"	"	C	o	l	o	r	s	"	"	D	I	n	t	"	"	2	9	"	"
W	H	I	T	E	1	_	R	E	D	0	"	"	C	o	l	o	r	s	"	"	D	I	n	t	"	"	3	0	"	"
W	H	I	T	E	1	_	R	E	D	1	"	"	C	o	l	o	r	s	"	"	D	I	n	t	"	"	3	1	"	"
W	H	I	T	E	1	_	R	E	D	2	"	"	C	o	l	o	r	s	"	"	D	I	n	t	"	"	3	2	"	"
W	H	I	T	E	2	_	R	E	D	0	"	"	C	o	l	o	r	s	"	"	D	I	n	t	"	"	3	3	"	"
W	H	I	T	E	2	_	R	E	D	1	"	"	C	o	l	o	r	s	"	"	D	I	n	t	"	"	3	4	"	"
W	H	I	T	E	2	_	R	E	D	2	"	"	C	o	l	o	r	s	"	"	D	I	n	t	"	"	3	5	"	"
F	L	A	S	H	_	W	H	I	T	E	0	_	Y	E	L	L	O	W	0	"	"	C	o	l	o	r	s	"	"	D	I	n	t	"	"	3	6	"	"
F	L	A	S	H	_	W	H	I	T	E	0	_	Y	E	L	L	O	W	1	"	"	C	o	l	o	r	s	"	"	D	I	n	t	"	"	3	7	"	"
F	L	A	S	H	_	W	H	I	T	E	0	_	Y	E	L	L	O	W	2	"	"	C	o	l	o	r	s	"	"	D	I	n	t	"	"	3	8	"	"
F	L	A	S	H	_	W	H	I	T	E	1	_	Y	E	L	L	O	W	0	"	"	C	o	l	o	r	s	"	"	D	I	n	t	"	"	3	9	"	"
F	L	A	S	H	_	W	H	I	T	E	1	_	Y	E	L	L	O	W	1	"	"	C	o	l	o	r	s	"	"	D	I	n	t	"	"	4	0	"	"
F	L	A	S	H	_	W	H	I	T	E	1	_	Y	E	L	L	O	W	2	"	"	C	o	l	o	r	s	"	"	D	I	n	t	"	"	4	1	"	"
F	L	A	S	H	_	W	H	I	T	E	2	_	Y	E	L	L	O	W	0	"	"	C	o	l	o	r	s	"	"	D	I	n	t	"	"	4	2	"	"
F	L	A	S	H	_	W	H	I	T	E	2	_	Y	E	L	L	O	W	1	"	"	C	o	l	o	r	s	"	"	D	I	n	t	"	"	4	3	"	"
F	L	A	S	H	_	W	H	I	T	E	2	_	Y	E	L	L	O	W	2	"	"	C	o	l	o	r	s	"	"	D	I	n	t	"	"	4	4	"	"
W	H	I	T	E	0	_	Y	E	L	L	O	W	0	"	"	C	o	l	o	r	s	"	"	D	I	n	t	"	"	4	5	"	"
W	H	I	T	E	0	_	Y	E	L	L	O	W	1	"	"	C	o	l	o	r	s	"	"	D	I	n	t	"	"	4	6	"	"
W	H	I	T	E	0	_	Y	E	L	L	O	W	2	"	"	C	o	l	o	r	s	"	"	D	I	n	t	"	"	4	7	"	"
W	H	I	T	E	1	_	Y	E	L	L	O	W	0	"	"	C	o	l	o	r	s	"	"	D	I	n	t	"	"	4	8	"	"
W	H	I	T	E	1	_	Y	E	L	L	O	W	1	"	"	C	o	l	o	r	s	"	"	D	I	n	t	"	"	4	9	"	"
W	H	I	T	E	1	_	Y	E	L	L	O	W	2	"	"	C	o	l	o	r	s	"	"	D	I	n	t	"	"	5	0	"	"
W	H	I	T	E	2	_	Y	E	L	L	O	W	0	"	"	C	o	l	o	r	s	"	"	D	I	n	t	"	"	5	1	"	"
W	H	I	T	E	2	_	Y	E	L	L	O	W	1	"	"	C	o	l	o	r	s	"	"	D	I	n	t	"	"	5	2	"	"
W	H	I	T	E	2	_	Y	E	L	L	O	W	2	"	"	C	o	l	o	r	s	"	"	D	I	n	t	"	"	5	3	"	"
F	L	A	S	H	_	W	H	I	T	E	0	_	G	R	E	E	N	0	"	"	C	o	l	o	r	s	"	"	D	I	n	t	"	"	5	4	"	"
F	L	A	S	H	_	W	H	I	T	E	0	_	G	R	E	E	N	1	"	"	C	o	l	o	r	s	"	"	D	I	n	t	"	"	5	5	"	"
F	L	A	S	H	_	W	H	I	T	E	0	_	G	R	E	E	N	2	"	"	C	o	l	o	r	s	"	"	D	I	n	t	"	"	5	6	"	"
F	L	A	S	H	_	W	H	I	T	E	1	_	G	R	E	E	N	0	"	"	C	o	l	o	r	s	"	"	D	I	n	t	"	"	5	7	"	"
F	L	A	S	H	_	W	H	I	T	E	1	_	G	R	E	E	N	1	"	"	C	o	l	o	r	s	"	"	D	I	n	t	"	"	5	8	"	"
F	L	A	S	H	_	W	H	I	T	E	1	_	G	R	E	E	N	2	"	"	C	o	l	o	r	s	"	"	D	I	n	t	"	"	5	9	"	"
F	L	A	S	H	_	W	H	I	T	E	2	_	G	R	E	E	N	0	"	"	C	o	l	o	r	s	"	"	D	I	n	t	"	"	6	0	"	"
F	L	A	S	H	_	W	H	I	T	E	2	_	G	R	E	E	N	1	"	"	C	o	l	o	r	s	"	"	D	I	n	t	"	"	6	1	"	"
F	L	A	S	H	_	W	H	I	T	E	2	_	G	R	E	E	N	2	"	"	C	o	l	o	r	s	"	"	D	I	n	t	"	"	6	2	"	"
W	H	I	T	E	0	_	G	R	E	E	N	0	"	"	C	o	l	o	r	s	"	"	D	I	n	t	"	"	6	3	"	"
W	H	I	T	E	0	_	G	R	E	E	N	1	"	"	C	o	l	o	r	s	"	"	D	I	n	t	"	"	6	4	"	"
W	H	I	T	E	0	_	G	R	E	E	N	2	"	"	C	o	l	o	r	s	"	"	D	I	n	t	"	"	6	5	"	"
W	H	I	T	E	1	_	G	R	E	E	N	0	"	"	C	o	l	o	r	s	"	"	D	I	n	t	"	"	6	6	"	"
W	H	I	T	E	1	_	G	R	E	E	N	1	"	"	C	o	l	o	r	s	"	"	D	I	n	t	"	"	6	7	"	"
W	H	I	T	E	1	_	G	R	E	E	N	2	"	"	C	o	l	o	r	s	"	"	D	I	n	t	"	"	6	8	"	"
W	H	I	T	E	2	_	G	R	E	E	N	0	"	"	C	o	l	o	r	s	"	"	D	I	n	t	"	"	6	9	"	"
W	H	I	T	E	2	_	G	R	E	E	N	1	"	"	C	o	l	o	r	s	"	"	D	I	n	t	"	"	7	0	"	"
W	H	I	T	E	2	_	G	R	E	E	N	2	"	"	C	o	l	o	r	s	"	"	D	I	n	t	"	"	7	1	"	"
F	L	A	S	H	_	W	H	I	T	E	0	_	T	E	A	L	0	"	"	C	o	l	o	r	s	"	"	D	I	n	t	"	"	7	2	"	"
F	L	A	S	H	_	W	H	I	T	E	0	_	T	E	A	L	1	"	"	C	o	l	o	r	s	"	"	D	I	n	t	"	"	7	3	"	"
F	L	A	S	H	_	W	H	I	T	E	0	_	T	E	A	L	2	"	"	C	o	l	o	r	s	"	"	D	I	n	t	"	"	7	4	"	"
F	L	A	S	H	_	W	H	I	T	E	1	_	T	E	A	L	0	"	"	C	o	l	o	r	s	"	"	D	I	n	t	"	"	7	5	"	"
F	L	A	S	H	_	W	H	I	T	E	1	_	T	E	A	L	1	"	"	C	o	l	o	r	s	"	"	D	I	n	t	"	"	7	6	"	"
F	L	A	S	H	_	W	H	I	T	E	1	_	T	E	A	L	2	"	"	C	o	l	o	r	s	"	"	D	I	n	t	"	"	7	7	"	"
F	L	A	S	H	_	W	H	I	T	E	2	_	T	E	A	L	0	"	"	C	o	l	o	r	s	"	"	D	I	n	t	"	"	7	8	"	"
F	L	A	S	H	_	W	H	I	T	E	2	_	T	E	A	L	1	"	"	C	o	l	o	r	s	"	"	D	I	n	t	"	"	7	9	"	"
F	L	A	S	H	_	W	H	I	T	E	2	_	T	E	A	L	2	"	"	C	o	l	o	r	s	"	"	D	I	n	t	"	"	8	0	"	"
W	H	I	T	E	0	_	T	E	A	L	0	"	"	C	o	l	o	r	s	"	"	D	I	n	t	"	"	8	1	"	"
W	H	I	T	E	0	_	T	E	A	L	1	"	"	C	o	l	o	r	s	"	"	D	I	n	t	"	"	8	2	"	"
W	H	I	T	E	0	_	T	E	A	L	2	"	"	C	o	l	o	r	s	"	"	D	I	n	t	"	"	8	3	"	"
W	H	I	T	E	1	_	T	E	A	L	0	"	"	C	o	l	o	r	s	"	"	D	I	n	t	"	"	8	4	"	"
W	H	I	T	E	1	_	T	E	A	L	1	"	"	C	o	l	o	r	s	"	"	D	I	n	t	"	"	8	5	"	"
W	H	I	T	E	1	_	T	E	A	L	2	"	"	C	o	l	o	r	s	"	"	D	I	n	t	"	"	8	6	"	"
W	H	I	T	E	2	_	T	E	A	L	0	"	"	C	o	l	o	r	s	"	"	D	I	n	t	"	"	8	7	"	"
W	H	I	T	E	2	_	T	E	A	L	1	"	"	C	o	l	o	r	s	"	"	D	I	n	t	"	"	8	8	"	"
W	H	I	T	E	2	_	T	E	A	L	2	"	"	C	o	l	o	r	s	"	"	D	I	n	t	"	"	8	9	"	"
F	L	A	S	H	_	W	H	I	T	E	0	_	B	L	U	E	0	"	"	C	o	l	o	r	s	"	"	D	I	n	t	"	"	9	0	"	"
F	L	A	S	H	_	W	H	I	T	E	0	_	B	L	U	E	1	"	"	C	o	l	o	r	s	"	"	D	I	n	t	"	"	9	1	"	"
F	L	A	S	H	_	W	H	I	T	E	0	_	B	L	U	E	2	"	"	C	o	l	o	r	s	"	"	D	I	n	t	"	"	9	2	"	"
F	L	A	S	H	_	W	H	I	T	E	1	_	B	L	U	E	0	"	"	C	o	l	o	r	s	"	"	D	I	n	t	"	"	9	3	"	"
F	L	A	S	H	_	W	H	I	T	E	1	_	B	L	U	E	1	"	"	C	o	l	o	r	s	"	"	D	I	n	t	"	"	9	4	"	"
F	L	A	S	H	_	W	H	I	T	E	1	_	B	L	U	E	2	"	"	C	o	l	o	r	s	"	"	D	I	n	t	"	"	9	5	"	"
F	L	A	S	H	_	W	H	I	T	E	2	_	B	L	U	E	0	"	"	C	o	l	o	r	s	"	"	D	I	n	t	"	"	9	6	"	"
F	L	A	S	H	_	W	H	I	T	E	2	_	B	L	U	E	1	"	"	C	o	l	o	r	s	"	"	D	I	n	t	"	"	9	7	"	"
F	L	A	S	H	_	W	H	I	T	E	2	_	B	L	U	E	2	"	"	C	o	l	o	r	s	"	"	D	I	n	t	"	"	9	8	"	"
W	H	I	T	E	0	_	B	L	U	E	0	"	"	C	o	l	o	r	s	"	"	D	I	n	t	"	"	9	9	"	"
W	H	I	T	E	0	_	B	L	U	E	1	"	"	C	o	l	o	r	s	"	"	D	I	n	t	"	"	1	0	0	"	"
W	H	I	T	E	0	_	B	L	U	E	2	"	"	C	o	l	o	r	s	"	"	D	I	n	t	"	"	1	0	1	"	"
W	H	I	T	E	1	_	B	L	U	E	0	"	"	C	o	l	o	r	s	"	"	D	I	n	t	"	"	1	0	2	"	"
W	H	I	T	E	1	_	B	L	U	E	1	"	"	C	o	l	o	r	s	"	"	D	I	n	t	"	"	1	0	3	"	"
W	H	I	T	E	1	_	B	L	U	E	2	"	"	C	o	l	o	r	s	"	"	D	I	n	t	"	"	1	0	4	"	"
W	H	I	T	E	2	_	B	L	U	E	0	"	"	C	o	l	o	r	s	"	"	D	I	n	t	"	"	1	0	5	"	"
W	H	I	T	E	2	_	B	L	U	E	1	"	"	C	o	l	o	r	s	"	"	D	I	n	t	"	"	1	0	6	"	"
W	H	I	T	E	2	_	B	L	U	E	2	"	"	C	o	l	o	r	s	"	"	D	I	n	t	"	"	1	0	7	"	"
F	L	A	S	H	_	W	H	I	T	E	0	_	P	U	R	P	L	E	0	"	"	C	o	l	o	r	s	"	"	D	I	n	t	"	"	1	0	8	"	"
F	L	A	S	H	_	W	H	I	T	E	0	_	P	U	R	P	L	E	1	"	"	C	o	l	o	r	s	"	"	D	I	n	t	"	"	1	0	9	"	"
F	L	A	S	H	_	W	H	I	T	E	0	_	P	U	R	P	L	E	2	"	"	C	o	l	o	r	s	"	"	D	I	n	t	"	"	1	1	0	"	"
F	L	A	S	H	_	W	H	I	T	E	1	_	P	U	R	P	L	E	0	"	"	C	o	l	o	r	s	"	"	D	I	n	t	"	"	1	1	1	"	"
F	L	A	S	H	_	W	H	I	T	E	1	_	P	U	R	P	L	E	1	"	"	C	o	l	o	r	s	"	"	D	I	n	t	"	"	1	1	2	"	"
F	L	A	S	H	_	W	H	I	T	E	1	_	P	U	R	P	L	E	2	"	"	C	o	l	o	r	s	"	"	D	I	n	t	"	"	1	1	3	"	"
F	L	A	S	H	_	W	H	I	T	E	2	_	P	U	R	P	L	E	0	"	"	C	o	l	o	r	s	"	"	D	I	n	t	"	"	1	1	4	"	"
F	L	A	S	H	_	W	H	I	T	E	2	_	P	U	R	P	L	E	1	"	"	C	o	l	o	r	s	"	"	D	I	n	t	"	"	1	1	5	"	"
F	L	A	S	H	_	W	H	I	T	E	2	_	P	U	R	P	L	E	2	"	"	C	o	l	o	r	s	"	"	D	I	n	t	"	"	1	1	6	"	"
W	H	I	T	E	0	_	P	U	R	P	L	E	0	"	"	C	o	l	o	r	s	"	"	D	I	n	t	"	"	1	1	7	"	"
W	H	I	T	E	0	_	P	U	R	P	L	E	1	"	"	C	o	l	o	r	s	"	"	D	I	n	t	"	"	1	1	8	"	"
W	H	I	T	E	0	_	P	U	R	P	L	E	2	"	"	C	o	l	o	r	s	"	"	D	I	n	t	"	"	1	1	9	"	"
W	H	I	T	E	1	_	P	U	R	P	L	E	0	"	"	C	o	l	o	r	s	"	"	D	I	n	t	"	"	1	2	0	"	"
W	H	I	T	E	1	_	P	U	R	P	L	E	1	"	"	C	o	l	o	r	s	"	"	D	I	n	t	"	"	1	2	1	"	"
W	H	I	T	E	1	_	P	U	R	P	L	E	2	"	"	C	o	l	o	r	s	"	"	D	I	n	t	"	"	1	2	2	"	"
W	H	I	T	E	2	_	P	U	R	P	L	E	0	"	"	C	o	l	o	r	s	"	"	D	I	n	t	"	"	1	2	3	"	"
W	H	I	T	E	2	_	P	U	R	P	L	E	1	"	"	C	o	l	o	r	s	"	"	D	I	n	t	"	"	1	2	4	"	"
W	H	I	T	E	2	_	P	U	R	P	L	E	2	"	"	C	o	l	o	r	s	"	"	D	I	n	t	"	"	1	2	5	"	"
B	L	A	C	K	0	_	W	H	I	T	E	0	"	"	C	o	l	o	r	s	"	"	D	I	n	t	"	"	1	2	6	"	"
B	L	A	C	K	0	_	W	H	I	T	E	1	"	"	C	o	l	o	r	s	"	"	D	I	n	t	"	"	1	2	7	"	"
B	L	A	C	K	0	_	W	H	I	T	E	2	"	"	C	o	l	o	r	s	"	"	D	I	n	t	"	"	1	2	8	"	"
B	L	A	C	K	1	_	W	H	I	T	E	0	"	"	C	o	l	o	r	s	"	"	D	I	n	t	"	"	1	2	9	"	"
B	L	A	C	K	1	_	W	H	I	T	E	1	"	"	C	o	l	o	r	s	"	"	D	I	n	t	"	"	1	3	0	"	"
B	L	A	C	K	1	_	W	H	I	T	E	2	"	"	C	o	l	o	r	s	"	"	D	I	n	t	"	"	1	3	1	"	"
B	L	A	C	K	2	_	W	H	I	T	E	0	"	"	C	o	l	o	r	s	"	"	D	I	n	t	"	"	1	3	2	"	"
B	L	A	C	K	2	_	W	H	I	T	E	1	"	"	C	o	l	o	r	s	"	"	D	I	n	t	"	"	1	3	3	"	"
B	L	A	C	K	2	_	W	H	I	T	E	2	"	"	C	o	l	o	r	s	"	"	D	I	n	t	"	"	1	3	4	"	"
F	L	A	S	H	_	B	L	A	C	K	0	_	R	E	D	0	"	"	C	o	l	o	r	s	"	"	D	I	n	t	"	"	1	3	5	"	"
F	L	A	S	H	_	B	L	A	C	K	0	_	R	E	D	1	"	"	C	o	l	o	r	s	"	"	D	I	n	t	"	"	1	3	6	"	"
F	L	A	S	H	_	B	L	A	C	K	0	_	R	E	D	2	"	"	C	o	l	o	r	s	"	"	D	I	n	t	"	"	1	3	7	"	"
F	L	A	S	H	_	B	L	A	C	K	1	_	R	E	D	0	"	"	C	o	l	o	r	s	"	"	D	I	n	t	"	"	1	3	8	"	"
F	L	A	S	H	_	B	L	A	C	K	1	_	R	E	D	1	"	"	C	o	l	o	r	s	"	"	D	I	n	t	"	"	1	3	9	"	"
F	L	A	S	H	_	B	L	A	C	K	1	_	R	E	D	2	"	"	C	o	l	o	r	s	"	"	D	I	n	t	"	"	1	4	0	"	"
F	L	A	S	H	_	B	L	A	C	K	2	_	R	E	D	0	"	"	C	o	l	o	r	s	"	"	D	I	n	t	"	"	1	4	1	"	"
F	L	A	S	H	_	B	L	A	C	K	2	_	R	E	D	1	"	"	C	o	l	o	r	s	"	"	D	I	n	t	"	"	1	4	2	"	"
F	L	A	S	H	_	B	L	A	C	K	2	_	R	E	D	2	"	"	C	o	l	o	r	s	"	"	D	I	n	t	"	"	1	4	3	"	"
B	L	A	C	K	0	_	R	E	D	0	"	"	C	o	l	o	r	s	"	"	D	I	n	t	"	"	1	4	4	"	"
B	L	A	C	K	0	_	R	E	D	1	"	"	C	o	l	o	r	s	"	"	D	I	n	t	"	"	1	4	5	"	"
B	L	A	C	K	0	_	R	E	D	2	"	"	C	o	l	o	r	s	"	"	D	I	n	t	"	"	1	4	6	"	"
B	L	A	C	K	1	_	R	E	D	0	"	"	C	o	l	o	r	s	"	"	D	I	n	t	"	"	1	4	7	"	"
B	L	A	C	K	1	_	R	E	D	1	"	"	C	o	l	o	r	s	"	"	D	I	n	t	"	"	1	4	8	"	"
B	L	A	C	K	1	_	R	E	D	2	"	"	C	o	l	o	r	s	"	"	D	I	n	t	"	"	1	4	9	"	"
B	L	A	C	K	2	_	R	E	D	0	"	"	C	o	l	o	r	s	"	"	D	I	n	t	"	"	1	5	0	"	"
B	L	A	C	K	2	_	R	E	D	1	"	"	C	o	l	o	r	s	"	"	D	I	n	t	"	"	1	5	1	"	"
B	L	A	C	K	2	_	R	E	D	2	"	"	C	o	l	o	r	s	"	"	D	I	n	t	"	"	1	5	2	"	"
F	L	A	S	H	_	B	L	A	C	K	0	_	Y	E	L	L	O	W	0	"	"	C	o	l	o	r	s	"	"	D	I	n	t	"	"	1	5	3	"	"
F	L	A	S	H	_	B	L	A	C	K	0	_	Y	E	L	L	O	W	1	"	"	C	o	l	o	r	s	"	"	D	I	n	t	"	"	1	5	4	"	"
F	L	A	S	H	_	B	L	A	C	K	0	_	Y	E	L	L	O	W	2	"	"	C	o	l	o	r	s	"	"	D	I	n	t	"	"	1	5	5	"	"
F	L	A	S	H	_	B	L	A	C	K	1	_	Y	E	L	L	O	W	0	"	"	C	o	l	o	r	s	"	"	D	I	n	t	"	"	1	5	6	"	"
F	L	A	S	H	_	B	L	A	C	K	1	_	Y	E	L	L	O	W	1	"	"	C	o	l	o	r	s	"	"	D	I	n	t	"	"	1	5	7	"	"
F	L	A	S	H	_	B	L	A	C	K	1	_	Y	E	L	L	O	W	2	"	"	C	o	l	o	r	s	"	"	D	I	n	t	"	"	1	5	8	"	"
F	L	A	S	H	_	B	L	A	C	K	2	_	Y	E	L	L	O	W	0	"	"	C	o	l	o	r	s	"	"	D	I	n	t	"	"	1	5	9	"	"
F	L	A	S	H	_	B	L	A	C	K	2	_	Y	E	L	L	O	W	1	"	"	C	o	l	o	r	s	"	"	D	I	n	t	"	"	1	6	0	"	"
F	L	A	S	H	_	B	L	A	C	K	2	_	Y	E	L	L	O	W	2	"	"	C	o	l	o	r	s	"	"	D	I	n	t	"	"	1	6	1	"	"
B	L	A	C	K	0	_	Y	E	L	L	O	W	0	"	"	C	o	l	o	r	s	"	"	D	I	n	t	"	"	1	6	2	"	"
B	L	A	C	K	0	_	Y	E	L	L	O	W	1	"	"	C	o	l	o	r	s	"	"	D	I	n	t	"	"	1	6	3	"	"
B	L	A	C	K	0	_	Y	E	L	L	O	W	2	"	"	C	o	l	o	r	s	"	"	D	I	n	t	"	"	1	6	4	"	"
B	L	A	C	K	1	_	Y	E	L	L	O	W	0	"	"	C	o	l	o	r	s	"	"	D	I	n	t	"	"	1	6	5	"	"
B	L	A	C	K	1	_	Y	E	L	L	O	W	1	"	"	C	o	l	o	r	s	"	"	D	I	n	t	"	"	1	6	6	"	"
B	L	A	C	K	1	_	Y	E	L	L	O	W	2	"	"	C	o	l	o	r	s	"	"	D	I	n	t	"	"	1	6	7	"	"
B	L	A	C	K	2	_	Y	E	L	L	O	W	0	"	"	C	o	l	o	r	s	"	"	D	I	n	t	"	"	1	6	8	"	"
B	L	A	C	K	2	_	Y	E	L	L	O	W	1	"	"	C	o	l	o	r	s	"	"	D	I	n	t	"	"	1	6	9	"	"
B	L	A	C	K	2	_	Y	E	L	L	O	W	2	"	"	C	o	l	o	r	s	"	"	D	I	n	t	"	"	1	7	0	"	"
F	L	A	S	H	_	B	L	A	C	K	0	_	G	R	E	E	N	0	"	"	C	o	l	o	r	s	"	"	D	I	n	t	"	"	1	7	1	"	"
F	L	A	S	H	_	B	L	A	C	K	0	_	G	R	E	E	N	1	"	"	C	o	l	o	r	s	"	"	D	I	n	t	"	"	1	7	2	"	"
F	L	A	S	H	_	B	L	A	C	K	0	_	G	R	E	E	N	2	"	"	C	o	l	o	r	s	"	"	D	I	n	t	"	"	1	7	3	"	"
F	L	A	S	H	_	B	L	A	C	K	1	_	G	R	E	E	N	0	"	"	C	o	l	o	r	s	"	"	D	I	n	t	"	"	1	7	4	"	"
F	L	A	S	H	_	B	L	A	C	K	1	_	G	R	E	E	N	1	"	"	C	o	l	o	r	s	"	"	D	I	n	t	"	"	1	7	5	"	"
F	L	A	S	H	_	B	L	A	C	K	1	_	G	R	E	E	N	2	"	"	C	o	l	o	r	s	"	"	D	I	n	t	"	"	1	7	6	"	"
F	L	A	S	H	_	B	L	A	C	K	2	_	G	R	E	E	N	0	"	"	C	o	l	o	r	s	"	"	D	I	n	t	"	"	1	7	7	"	"
F	L	A	S	H	_	B	L	A	C	K	2	_	G	R	E	E	N	1	"	"	C	o	l	o	r	s	"	"	D	I	n	t	"	"	1	7	8	"	"
F	L	A	S	H	_	B	L	A	C	K	2	_	G	R	E	E	N	2	"	"	C	o	l	o	r	s	"	"	D	I	n	t	"	"	1	7	9	"	"
B	L	A	C	K	0	_	G	R	E	E	N	0	"	"	C	o	l	o	r	s	"	"	D	I	n	t	"	"	1	8	0	"	"
B	L	A	C	K	0	_	G	R	E	E	N	1	"	"	C	o	l	o	r	s	"	"	D	I	n	t	"	"	1	8	1	"	"
B	L	A	C	K	0	_	G	R	E	E	N	2	"	"	C	o	l	o	r	s	"	"	D	I	n	t	"	"	1	8	2	"	"
B	L	A	C	K	1	_	G	R	E	E	N	0	"	"	C	o	l	o	r	s	"	"	D	I	n	t	"	"	1	8	3	"	"
B	L	A	C	K	1	_	G	R	E	E	N	1	"	"	C	o	l	o	r	s	"	"	D	I	n	t	"	"	1	8	4	"	"
B	L	A	C	K	1	_	G	R	E	E	N	2	"	"	C	o	l	o	r	s	"	"	D	I	n	t	"	"	1	8	5	"	"
B	L	A	C	K	2	_	G	R	E	E	N	0	"	"	C	o	l	o	r	s	"	"	D	I	n	t	"	"	1	8	6	"	"
B	L	A	C	K	2	_	G	R	E	E	N	1	"	"	C	o	l	o	r	s	"	"	D	I	n	t	"	"	1	8	7	"	"
B	L	A	C	K	2	_	G	R	E	E	N	2	"	"	C	o	l	o	r	s	"	"	D	I	n	t	"	"	1	8	8	"	"
F	L	A	S	H	_	B	L	A	C	K	0	_	T	E	A	L	0	"	"	C	o	l	o	r	s	"	"	D	I	n	t	"	"	1	8	9	"	"
F	L	A	S	H	_	B	L	A	C	K	0	_	T	E	A	L	1	"	"	C	o	l	o	r	s	"	"	D	I	n	t	"	"	1	9	0	"	"
F	L	A	S	H	_	B	L	A	C	K	0	_	T	E	A	L	2	"	"	C	o	l	o	r	s	"	"	D	I	n	t	"	"	1	9	1	"	"
F	L	A	S	H	_	B	L	A	C	K	1	_	T	E	A	L	0	"	"	C	o	l	o	r	s	"	"	D	I	n	t	"	"	1	9	2	"	"
F	L	A	S	H	_	B	L	A	C	K	1	_	T	E	A	L	1	"	"	C	o	l	o	r	s	"	"	D	I	n	t	"	"	1	9	3	"	"
F	L	A	S	H	_	B	L	A	C	K	1	_	T	E	A	L	2	"	"	C	o	l	o	r	s	"	"	D	I	n	t	"	"	1	9	4	"	"
F	L	A	S	H	_	B	L	A	C	K	2	_	T	E	A	L	0	"	"	C	o	l	o	r	s	"	"	D	I	n	t	"	"	1	9	5	"	"
F	L	A	S	H	_	B	L	A	C	K	2	_	T	E	A	L	1	"	"	C	o	l	o	r	s	"	"	D	I	n	t	"	"	1	9	6	"	"
F	L	A	S	H	_	B	L	A	C	K	2	_	T	E	A	L	2	"	"	C	o	l	o	r	s	"	"	D	I	n	t	"	"	1	9	7	"	"
B	L	A	C	K	0	_	T	E	A	L	0	"	"	C	o	l	o	r	s	"	"	D	I	n	t	"	"	1	9	8	"	"
B	L	A	C	K	0	_	T	E	A	L	1	"	"	C	o	l	o	r	s	"	"	D	I	n	t	"	"	1	9	9	"	"
B	L	A	C	K	0	_	T	E	A	L	2	"	"	C	o	l	o	r	s	"	"	D	I	n	t	"	"	2	0	0	"	"
B	L	A	C	K	1	_	T	E	A	L	0	"	"	C	o	l	o	r	s	"	"	D	I	n	t	"	"	2	0	1	"	"
B	L	A	C	K	1	_	T	E	A	L	1	"	"	C	o	l	o	r	s	"	"	D	I	n	t	"	"	2	0	2	"	"
B	L	A	C	K	1	_	T	E	A	L	2	"	"	C	o	l	o	r	s	"	"	D	I	n	t	"	"	2	0	3	"	"
B	L	A	C	K	2	_	T	E	A	L	0	"	"	C	o	l	o	r	s	"	"	D	I	n	t	"	"	2	0	4	"	"
B	L	A	C	K	2	_	T	E	A	L	1	"	"	C	o	l	o	r	s	"	"	D	I	n	t	"	"	2	0	5	"	"
B	L	A	C	K	2	_	T	E	A	L	2	"	"	C	o	l	o	r	s	"	"	D	I	n	t	"	"	2	0	6	"	"
F	L	A	S	H	_	B	L	A	C	K	0	_	B	L	U	E	0	"	"	C	o	l	o	r	s	"	"	D	I	n	t	"	"	2	0	7	"	"
F	L	A	S	H	_	B	L	A	C	K	0	_	B	L	U	E	1	"	"	C	o	l	o	r	s	"	"	D	I	n	t	"	"	2	0	8	"	"
F	L	A	S	H	_	B	L	A	C	K	0	_	B	L	U	E	2	"	"	C	o	l	o	r	s	"	"	D	I	n	t	"	"	2	0	9	"	"
F	L	A	S	H	_	B	L	A	C	K	1	_	B	L	U	E	0	"	"	C	o	l	o	r	s	"	"	D	I	n	t	"	"	2	1	0	"	"
F	L	A	S	H	_	B	L	A	C	K	1	_	B	L	U	E	1	"	"	C	o	l	o	r	s	"	"	D	I	n	t	"	"	2	1	1	"	"
F	L	A	S	H	_	B	L	A	C	K	1	_	B	L	U	E	2	"	"	C	o	l	o	r	s	"	"	D	I	n	t	"	"	2	1	2	"	"
F	L	A	S	H	_	B	L	A	C	K	2	_	B	L	U	E	0	"	"	C	o	l	o	r	s	"	"	D	I	n	t	"	"	2	1	3	"	"
F	L	A	S	H	_	B	L	A	C	K	2	_	B	L	U	E	1	"	"	C	o	l	o	r	s	"	"	D	I	n	t	"	"	2	1	4	"	"
F	L	A	S	H	_	B	L	A	C	K	2	_	B	L	U	E	2	"	"	C	o	l	o	r	s	"	"	D	I	n	t	"	"	2	1	5	"	"
B	L	A	C	K	0	_	B	L	U	E	0	"	"	C	o	l	o	r	s	"	"	D	I	n	t	"	"	2	1	6	"	"
B	L	A	C	K	0	_	B	L	U	E	1	"	"	C	o	l	o	r	s	"	"	D	I	n	t	"	"	2	1	7	"	"
B	L	A	C	K	0	_	B	L	U	E	2	"	"	C	o	l	o	r	s	"	"	D	I	n	t	"	"	2	1	8	"	"
B	L	A	C	K	1	_	B	L	U	E	0	"	"	C	o	l	o	r	s	"	"	D	I	n	t	"	"	2	1	9	"	"
B	L	A	C	K	1	_	B	L	U	E	1	"	"	C	o	l	o	r	s	"	"	D	I	n	t	"	"	2	2	0	"	"
B	L	A	C	K	1	_	B	L	U	E	2	"	"	C	o	l	o	r	s	"	"	D	I	n	t	"	"	2	2	1	"	"
B	L	A	C	K	2	_	B	L	U	E	0	"	"	C	o	l	o	r	s	"	"	D	I	n	t	"	"	2	2	2	"	"
B	L	A	C	K	2	_	B	L	U	E	1	"	"	C	o	l	o	r	s	"	"	D	I	n	t	"	"	2	2	3	"	"
B	L	A	C	K	2	_	B	L	U	E	2	"	"	C	o	l	o	r	s	"	"	D	I	n	t	"	"	2	2	4	"	"
F	L	A	S	H	_	B	L	A	C	K	0	_	P	U	R	P	L	E	0	"	"	C	o	l	o	r	s	"	"	D	I	n	t	"	"	2	2	5	"	"
F	L	A	S	H	_	B	L	A	C	K	0	_	P	U	R	P	L	E	1	"	"	C	o	l	o	r	s	"	"	D	I	n	t	"	"	2	2	6	"	"
F	L	A	S	H	_	B	L	A	C	K	0	_	P	U	R	P	L	E	2	"	"	C	o	l	o	r	s	"	"	D	I	n	t	"	"	2	2	7	"	"
F	L	A	S	H	_	B	L	A	C	K	1	_	P	U	R	P	L	E	0	"	"	C	o	l	o	r	s	"	"	D	I	n	t	"	"	2	2	8	"	"
F	L	A	S	H	_	B	L	A	C	K	1	_	P	U	R	P	L	E	1	"	"	C	o	l	o	r	s	"	"	D	I	n	t	"	"	2	2	9	"	"
F	L	A	S	H	_	B	L	A	C	K	1	_	P	U	R	P	L	E	2	"	"	C	o	l	o	r	s	"	"	D	I	n	t	"	"	2	3	0	"	"
F	L	A	S	H	_	B	L	A	C	K	2	_	P	U	R	P	L	E	0	"	"	C	o	l	o	r	s	"	"	D	I	n	t	"	"	2	3	1	"	"
F	L	A	S	H	_	B	L	A	C	K	2	_	P	U	R	P	L	E	1	"	"	C	o	l	o	r	s	"	"	D	I	n	t	"	"	2	3	2	"	"
F	L	A	S	H	_	B	L	A	C	K	2	_	P	U	R	P	L	E	2	"	"	C	o	l	o	r	s	"	"	D	I	n	t	"	"	2	3	3	"	"
B	L	A	C	K	0	_	P	U	R	P	L	E	0	"	"	C	o	l	o	r	s	"	"	D	I	n	t	"	"	2	3	4	"	"
B	L	A	C	K	0	_	P	U	R	P	L	E	1	"	"	C	o	l	o	r	s	"	"	D	I	n	t	"	"	2	3	5	"	"
B	L	A	C	K	0	_	P	U	R	P	L	E	2	"	"	C	o	l	o	r	s	"	"	D	I	n	t	"	"	2	3	6	"	"
B	L	A	C	K	1	_	P	U	R	P	L	E	0	"	"	C	o	l	o	r	s	"	"	D	I	n	t	"	"	2	3	7	"	"
B	L	A	C	K	1	_	P	U	R	P	L	E	1	"	"	C	o	l	o	r	s	"	"	D	I	n	t	"	"	2	3	8	"	"
B	L	A	C	K	1	_	P	U	R	P	L	E	2	"	"	C	o	l	o	r	s	"	"	D	I	n	t	"	"	2	3	9	"	"
B	L	A	C	K	2	_	P	U	R	P	L	E	0	"	"	C	o	l	o	r	s	"	"	D	I	n	t	"	"	2	4	0	"	"
B	L	A	C	K	2	_	P	U	R	P	L	E	1	"	"	C	o	l	o	r	s	"	"	D	I	n	t	"	"	2	4	1	"	"
B	L	A	C	K	2	_	P	U	R	P	L	E	2	"	"	C	o	l	o	r	s	"	"	D	I	n	t	"	"	2	4	2	"	"
R	E	D	0	_	W	H	I	T	E	0	"	"	C	o	l	o	r	s	"	"	D	I	n	t	"	"	2	4	3	"	"
R	E	D	0	_	W	H	I	T	E	1	"	"	C	o	l	o	r	s	"	"	D	I	n	t	"	"	2	4	4	"	"
R	E	D	0	_	W	H	I	T	E	2	"	"	C	o	l	o	r	s	"	"	D	I	n	t	"	"	2	4	5	"	"
R	E	D	1	_	W	H	I	T	E	0	"	"	C	o	l	o	r	s	"	"	D	I	n	t	"	"	2	4	6	"	"
R	E	D	1	_	W	H	I	T	E	1	"	"	C	o	l	o	r	s	"	"	D	I	n	t	"	"	2	4	7	"	"
R	E	D	1	_	W	H	I	T	E	2	"	"	C	o	l	o	r	s	"	"	D	I	n	t	"	"	2	4	8	"	"
R	E	D	2	_	W	H	I	T	E	0	"	"	C	o	l	o	r	s	"	"	D	I	n	t	"	"	2	4	9	"	"
R	E	D	2	_	W	H	I	T	E	1	"	"	C	o	l	o	r	s	"	"	D	I	n	t	"	"	2	5	0	"	"
R	E	D	2	_	W	H	I	T	E	2	"	"	C	o	l	o	r	s	"	"	D	I	n	t	"	"	2	5	1	"	"
R	E	D	0	_	B	L	A	C	K	0	"	"	C	o	l	o	r	s	"	"	D	I	n	t	"	"	2	5	2	"	"
R	E	D	0	_	B	L	A	C	K	1	"	"	C	o	l	o	r	s	"	"	D	I	n	t	"	"	2	5	3	"	"
R	E	D	0	_	B	L	A	C	K	2	"	"	C	o	l	o	r	s	"	"	D	I	n	t	"	"	2	5	4	"	"
R	E	D	1	_	B	L	A	C	K	0	"	"	C	o	l	o	r	s	"	"	D	I	n	t	"	"	2	5	5	"	"
R	E	D	1	_	B	L	A	C	K	1	"	"	C	o	l	o	r	s	"	"	D	I	n	t	"	"	2	5	6	"	"
R	E	D	1	_	B	L	A	C	K	2	"	"	C	o	l	o	r	s	"	"	D	I	n	t	"	"	2	5	7	"	"
R	E	D	2	_	B	L	A	C	K	0	"	"	C	o	l	o	r	s	"	"	D	I	n	t	"	"	2	5	8	"	"
R	E	D	2	_	B	L	A	C	K	1	"	"	C	o	l	o	r	s	"	"	D	I	n	t	"	"	2	5	9	"	"
R	E	D	2	_	B	L	A	C	K	2	"	"	C	o	l	o	r	s	"	"	D	I	n	t	"	"	2	6	0	"	"
F	L	A	S	H	_	R	E	D	0	_	Y	E	L	L	O	W	0	"	"	C	o	l	o	r	s	"	"	D	I	n	t	"	"	2	6	1	"	"
F	L	A	S	H	_	R	E	D	0	_	Y	E	L	L	O	W	1	"	"	C	o	l	o	r	s	"	"	D	I	n	t	"	"	2	6	2	"	"
F	L	A	S	H	_	R	E	D	0	_	Y	E	L	L	O	W	2	"	"	C	o	l	o	r	s	"	"	D	I	n	t	"	"	2	6	3	"	"
F	L	A	S	H	_	R	E	D	1	_	Y	E	L	L	O	W	0	"	"	C	o	l	o	r	s	"	"	D	I	n	t	"	"	2	6	4	"	"
F	L	A	S	H	_	R	E	D	1	_	Y	E	L	L	O	W	1	"	"	C	o	l	o	r	s	"	"	D	I	n	t	"	"	2	6	5	"	"
F	L	A	S	H	_	R	E	D	1	_	Y	E	L	L	O	W	2	"	"	C	o	l	o	r	s	"	"	D	I	n	t	"	"	2	6	6	"	"
F	L	A	S	H	_	R	E	D	2	_	Y	E	L	L	O	W	0	"	"	C	o	l	o	r	s	"	"	D	I	n	t	"	"	2	6	7	"	"
F	L	A	S	H	_	R	E	D	2	_	Y	E	L	L	O	W	1	"	"	C	o	l	o	r	s	"	"	D	I	n	t	"	"	2	6	8	"	"
F	L	A	S	H	_	R	E	D	2	_	Y	E	L	L	O	W	2	"	"	C	o	l	o	r	s	"	"	D	I	n	t	"	"	2	6	9	"	"
R	E	D	0	_	Y	E	L	L	O	W	0	"	"	C	o	l	o	r	s	"	"	D	I	n	t	"	"	2	7	0	"	"
R	E	D	0	_	Y	E	L	L	O	W	1	"	"	C	o	l	o	r	s	"	"	D	I	n	t	"	"	2	7	1	"	"
R	E	D	0	_	Y	E	L	L	O	W	2	"	"	C	o	l	o	r	s	"	"	D	I	n	t	"	"	2	7	2	"	"
R	E	D	1	_	Y	E	L	L	O	W	0	"	"	C	o	l	o	r	s	"	"	D	I	n	t	"	"	2	7	3	"	"
R	E	D	1	_	Y	E	L	L	O	W	1	"	"	C	o	l	o	r	s	"	"	D	I	n	t	"	"	2	7	4	"	"
R	E	D	1	_	Y	E	L	L	O	W	2	"	"	C	o	l	o	r	s	"	"	D	I	n	t	"	"	2	7	5	"	"
R	E	D	2	_	Y	E	L	L	O	W	0	"	"	C	o	l	o	r	s	"	"	D	I	n	t	"	"	2	7	6	"	"
R	E	D	2	_	Y	E	L	L	O	W	1	"	"	C	o	l	o	r	s	"	"	D	I	n	t	"	"	2	7	7	"	"
R	E	D	2	_	Y	E	L	L	O	W	2	"	"	C	o	l	o	r	s	"	"	D	I	n	t	"	"	2	7	8	"	"
F	L	A	S	H	_	R	E	D	0	_	G	R	E	E	N	0	"	"	C	o	l	o	r	s	"	"	D	I	n	t	"	"	2	7	9	"	"
F	L	A	S	H	_	R	E	D	0	_	G	R	E	E	N	1	"	"	C	o	l	o	r	s	"	"	D	I	n	t	"	"	2	8	0	"	"
F	L	A	S	H	_	R	E	D	0	_	G	R	E	E	N	2	"	"	C	o	l	o	r	s	"	"	D	I	n	t	"	"	2	8	1	"	"
F	L	A	S	H	_	R	E	D	1	_	G	R	E	E	N	0	"	"	C	o	l	o	r	s	"	"	D	I	n	t	"	"	2	8	2	"	"
F	L	A	S	H	_	R	E	D	1	_	G	R	E	E	N	1	"	"	C	o	l	o	r	s	"	"	D	I	n	t	"	"	2	8	3	"	"
F	L	A	S	H	_	R	E	D	1	_	G	R	E	E	N	2	"	"	C	o	l	o	r	s	"	"	D	I	n	t	"	"	2	8	4	"	"
F	L	A	S	H	_	R	E	D	2	_	G	R	E	E	N	0	"	"	C	o	l	o	r	s	"	"	D	I	n	t	"	"	2	8	5	"	"
F	L	A	S	H	_	R	E	D	2	_	G	R	E	E	N	1	"	"	C	o	l	o	r	s	"	"	D	I	n	t	"	"	2	8	6	"	"
F	L	A	S	H	_	R	E	D	2	_	G	R	E	E	N	2	"	"	C	o	l	o	r	s	"	"	D	I	n	t	"	"	2	8	7	"	"
R	E	D	0	_	G	R	E	E	N	0	"	"	C	o	l	o	r	s	"	"	D	I	n	t	"	"	2	8	8	"	"
R	E	D	0	_	G	R	E	E	N	1	"	"	C	o	l	o	r	s	"	"	D	I	n	t	"	"	2	8	9	"	"
R	E	D	0	_	G	R	E	E	N	2	"	"	C	o	l	o	r	s	"	"	D	I	n	t	"	"	2	9	0	"	"
R	E	D	1	_	G	R	E	E	N	0	"	"	C	o	l	o	r	s	"	"	D	I	n	t	"	"	2	9	1	"	"
R	E	D	1	_	G	R	E	E	N	1	"	"	C	o	l	o	r	s	"	"	D	I	n	t	"	"	2	9	2	"	"
R	E	D	1	_	G	R	E	E	N	2	"	"	C	o	l	o	r	s	"	"	D	I	n	t	"	"	2	9	3	"	"
R	E	D	2	_	G	R	E	E	N	0	"	"	C	o	l	o	r	s	"	"	D	I	n	t	"	"	2	9	4	"	"
R	E	D	2	_	G	R	E	E	N	1	"	"	C	o	l	o	r	s	"	"	D	I	n	t	"	"	2	9	5	"	"
R	E	D	2	_	G	R	E	E	N	2	"	"	C	o	l	o	r	s	"	"	D	I	n	t	"	"	2	9	6	"	"
F	L	A	S	H	_	R	E	D	0	_	T	E	A	L	0	"	"	C	o	l	o	r	s	"	"	D	I	n	t	"	"	2	9	7	"	"
F	L	A	S	H	_	R	E	D	0	_	T	E	A	L	1	"	"	C	o	l	o	r	s	"	"	D	I	n	t	"	"	2	9	8	"	"
F	L	A	S	H	_	R	E	D	0	_	T	E	A	L	2	"	"	C	o	l	o	r	s	"	"	D	I	n	t	"	"	2	9	9	"	"
F	L	A	S	H	_	R	E	D	1	_	T	E	A	L	0	"	"	C	o	l	o	r	s	"	"	D	I	n	t	"	"	3	0	0	"	"
F	L	A	S	H	_	R	E	D	1	_	T	E	A	L	1	"	"	C	o	l	o	r	s	"	"	D	I	n	t	"	"	3	0	1	"	"
F	L	A	S	H	_	R	E	D	1	_	T	E	A	L	2	"	"	C	o	l	o	r	s	"	"	D	I	n	t	"	"	3	0	2	"	"
F	L	A	S	H	_	R	E	D	2	_	T	E	A	L	0	"	"	C	o	l	o	r	s	"	"	D	I	n	t	"	"	3	0	3	"	"
F	L	A	S	H	_	R	E	D	2	_	T	E	A	L	1	"	"	C	o	l	o	r	s	"	"	D	I	n	t	"	"	3	0	4	"	"
F	L	A	S	H	_	R	E	D	2	_	T	E	A	L	2	"	"	C	o	l	o	r	s	"	"	D	I	n	t	"	"	3	0	5	"	"
R	E	D	0	_	T	E	A	L	0	"	"	C	o	l	o	r	s	"	"	D	I	n	t	"	"	3	0	6	"	"
R	E	D	0	_	T	E	A	L	1	"	"	C	o	l	o	r	s	"	"	D	I	n	t	"	"	3	0	7	"	"
R	E	D	0	_	T	E	A	L	2	"	"	C	o	l	o	r	s	"	"	D	I	n	t	"	"	3	0	8	"	"
R	E	D	1	_	T	E	A	L	0	"	"	C	o	l	o	r	s	"	"	D	I	n	t	"	"	3	0	9	"	"
R	E	D	1	_	T	E	A	L	1	"	"	C	o	l	o	r	s	"	"	D	I	n	t	"	"	3	1	0	"	"
R	E	D	1	_	T	E	A	L	2	"	"	C	o	l	o	r	s	"	"	D	I	n	t	"	"	3	1	1	"	"
R	E	D	2	_	T	E	A	L	0	"	"	C	o	l	o	r	s	"	"	D	I	n	t	"	"	3	1	2	"	"
R	E	D	2	_	T	E	A	L	1	"	"	C	o	l	o	r	s	"	"	D	I	n	t	"	"	3	1	3	"	"
R	E	D	2	_	T	E	A	L	2	"	"	C	o	l	o	r	s	"	"	D	I	n	t	"	"	3	1	4	"	"
F	L	A	S	H	_	R	E	D	0	_	B	L	U	E	0	"	"	C	o	l	o	r	s	"	"	D	I	n	t	"	"	3	1	5	"	"
F	L	A	S	H	_	R	E	D	0	_	B	L	U	E	1	"	"	C	o	l	o	r	s	"	"	D	I	n	t	"	"	3	1	6	"	"
F	L	A	S	H	_	R	E	D	0	_	B	L	U	E	2	"	"	C	o	l	o	r	s	"	"	D	I	n	t	"	"	3	1	7	"	"
F	L	A	S	H	_	R	E	D	1	_	B	L	U	E	0	"	"	C	o	l	o	r	s	"	"	D	I	n	t	"	"	3	1	8	"	"
F	L	A	S	H	_	R	E	D	1	_	B	L	U	E	1	"	"	C	o	l	o	r	s	"	"	D	I	n	t	"	"	3	1	9	"	"
F	L	A	S	H	_	R	E	D	1	_	B	L	U	E	2	"	"	C	o	l	o	r	s	"	"	D	I	n	t	"	"	3	2	0	"	"
F	L	A	S	H	_	R	E	D	2	_	B	L	U	E	0	"	"	C	o	l	o	r	s	"	"	D	I	n	t	"	"	3	2	1	"	"
F	L	A	S	H	_	R	E	D	2	_	B	L	U	E	1	"	"	C	o	l	o	r	s	"	"	D	I	n	t	"	"	3	2	2	"	"
F	L	A	S	H	_	R	E	D	2	_	B	L	U	E	2	"	"	C	o	l	o	r	s	"	"	D	I	n	t	"	"	3	2	3	"	"
R	E	D	0	_	B	L	U	E	0	"	"	C	o	l	o	r	s	"	"	D	I	n	t	"	"	3	2	4	"	"
R	E	D	0	_	B	L	U	E	1	"	"	C	o	l	o	r	s	"	"	D	I	n	t	"	"	3	2	5	"	"
R	E	D	0	_	B	L	U	E	2	"	"	C	o	l	o	r	s	"	"	D	I	n	t	"	"	3	2	6	"	"
R	E	D	1	_	B	L	U	E	0	"	"	C	o	l	o	r	s	"	"	D	I	n	t	"	"	3	2	7	"	"
R	E	D	1	_	B	L	U	E	1	"	"	C	o	l	o	r	s	"	"	D	I	n	t	"	"	3	2	8	"	"
R	E	D	1	_	B	L	U	E	2	"	"	C	o	l	o	r	s	"	"	D	I	n	t	"	"	3	2	9	"	"
R	E	D	2	_	B	L	U	E	0	"	"	C	o	l	o	r	s	"	"	D	I	n	t	"	"	3	3	0	"	"
R	E	D	2	_	B	L	U	E	1	"	"	C	o	l	o	r	s	"	"	D	I	n	t	"	"	3	3	1	"	"
R	E	D	2	_	B	L	U	E	2	"	"	C	o	l	o	r	s	"	"	D	I	n	t	"	"	3	3	2	"	"
F	L	A	S	H	_	R	E	D	0	_	P	U	R	P	L	E	0	"	"	C	o	l	o	r	s	"	"	D	I	n	t	"	"	3	3	3	"	"
F	L	A	S	H	_	R	E	D	0	_	P	U	R	P	L	E	1	"	"	C	o	l	o	r	s	"	"	D	I	n	t	"	"	3	3	4	"	"
F	L	A	S	H	_	R	E	D	0	_	P	U	R	P	L	E	2	"	"	C	o	l	o	r	s	"	"	D	I	n	t	"	"	3	3	5	"	"
F	L	A	S	H	_	R	E	D	1	_	P	U	R	P	L	E	0	"	"	C	o	l	o	r	s	"	"	D	I	n	t	"	"	3	3	6	"	"
F	L	A	S	H	_	R	E	D	1	_	P	U	R	P	L	E	1	"	"	C	o	l	o	r	s	"	"	D	I	n	t	"	"	3	3	7	"	"
F	L	A	S	H	_	R	E	D	1	_	P	U	R	P	L	E	2	"	"	C	o	l	o	r	s	"	"	D	I	n	t	"	"	3	3	8	"	"
F	L	A	S	H	_	R	E	D	2	_	P	U	R	P	L	E	0	"	"	C	o	l	o	r	s	"	"	D	I	n	t	"	"	3	3	9	"	"
F	L	A	S	H	_	R	E	D	2	_	P	U	R	P	L	E	1	"	"	C	o	l	o	r	s	"	"	D	I	n	t	"	"	3	4	0	"	"
F	L	A	S	H	_	R	E	D	2	_	P	U	R	P	L	E	2	"	"	C	o	l	o	r	s	"	"	D	I	n	t	"	"	3	4	1	"	"
R	E	D	0	_	P	U	R	P	L	E	0	"	"	C	o	l	o	r	s	"	"	D	I	n	t	"	"	3	4	2	"	"
R	E	D	0	_	P	U	R	P	L	E	1	"	"	C	o	l	o	r	s	"	"	D	I	n	t	"	"	3	4	3	"	"
R	E	D	0	_	P	U	R	P	L	E	2	"	"	C	o	l	o	r	s	"	"	D	I	n	t	"	"	3	4	4	"	"
R	E	D	1	_	P	U	R	P	L	E	0	"	"	C	o	l	o	r	s	"	"	D	I	n	t	"	"	3	4	5	"	"
R	E	D	1	_	P	U	R	P	L	E	1	"	"	C	o	l	o	r	s	"	"	D	I	n	t	"	"	3	4	6	"	"
R	E	D	1	_	P	U	R	P	L	E	2	"	"	C	o	l	o	r	s	"	"	D	I	n	t	"	"	3	4	7	"	"
R	E	D	2	_	P	U	R	P	L	E	0	"	"	C	o	l	o	r	s	"	"	D	I	n	t	"	"	3	4	8	"	"
R	E	D	2	_	P	U	R	P	L	E	1	"	"	C	o	l	o	r	s	"	"	D	I	n	t	"	"	3	4	9	"	"
R	E	D	2	_	P	U	R	P	L	E	2	"	"	C	o	l	o	r	s	"	"	D	I	n	t	"	"	3	5	0	"	"
Y	E	L	L	O	W	0	_	W	H	I	T	E	0	"	"	C	o	l	o	r	s	"	"	D	I	n	t	"	"	3	5	1	"	"
Y	E	L	L	O	W	0	_	W	H	I	T	E	1	"	"	C	o	l	o	r	s	"	"	D	I	n	t	"	"	3	5	2	"	"
Y	E	L	L	O	W	0	_	W	H	I	T	E	2	"	"	C	o	l	o	r	s	"	"	D	I	n	t	"	"	3	5	3	"	"
Y	E	L	L	O	W	1	_	W	H	I	T	E	0	"	"	C	o	l	o	r	s	"	"	D	I	n	t	"	"	3	5	4	"	"
Y	E	L	L	O	W	1	_	W	H	I	T	E	1	"	"	C	o	l	o	r	s	"	"	D	I	n	t	"	"	3	5	5	"	"
Y	E	L	L	O	W	1	_	W	H	I	T	E	2	"	"	C	o	l	o	r	s	"	"	D	I	n	t	"	"	3	5	6	"	"
Y	E	L	L	O	W	2	_	W	H	I	T	E	0	"	"	C	o	l	o	r	s	"	"	D	I	n	t	"	"	3	5	7	"	"
Y	E	L	L	O	W	2	_	W	H	I	T	E	1	"	"	C	o	l	o	r	s	"	"	D	I	n	t	"	"	3	5	8	"	"
Y	E	L	L	O	W	2	_	W	H	I	T	E	2	"	"	C	o	l	o	r	s	"	"	D	I	n	t	"	"	3	5	9	"	"
Y	E	L	L	O	W	0	_	B	L	A	C	K	0	"	"	C	o	l	o	r	s	"	"	D	I	n	t	"	"	3	6	0	"	"
Y	E	L	L	O	W	0	_	B	L	A	C	K	1	"	"	C	o	l	o	r	s	"	"	D	I	n	t	"	"	3	6	1	"	"
Y	E	L	L	O	W	0	_	B	L	A	C	K	2	"	"	C	o	l	o	r	s	"	"	D	I	n	t	"	"	3	6	2	"	"
Y	E	L	L	O	W	1	_	B	L	A	C	K	0	"	"	C	o	l	o	r	s	"	"	D	I	n	t	"	"	3	6	3	"	"
Y	E	L	L	O	W	1	_	B	L	A	C	K	1	"	"	C	o	l	o	r	s	"	"	D	I	n	t	"	"	3	6	4	"	"
Y	E	L	L	O	W	1	_	B	L	A	C	K	2	"	"	C	o	l	o	r	s	"	"	D	I	n	t	"	"	3	6	5	"	"
Y	E	L	L	O	W	2	_	B	L	A	C	K	0	"	"	C	o	l	o	r	s	"	"	D	I	n	t	"	"	3	6	6	"	"
Y	E	L	L	O	W	2	_	B	L	A	C	K	1	"	"	C	o	l	o	r	s	"	"	D	I	n	t	"	"	3	6	7	"	"
Y	E	L	L	O	W	2	_	B	L	A	C	K	2	"	"	C	o	l	o	r	s	"	"	D	I	n	t	"	"	3	6	8	"	"
Y	E	L	L	O	W	0	_	R	E	D	0	"	"	C	o	l	o	r	s	"	"	D	I	n	t	"	"	3	6	9	"	"
Y	E	L	L	O	W	0	_	R	E	D	1	"	"	C	o	l	o	r	s	"	"	D	I	n	t	"	"	3	7	0	"	"
Y	E	L	L	O	W	0	_	R	E	D	2	"	"	C	o	l	o	r	s	"	"	D	I	n	t	"	"	3	7	1	"	"
Y	E	L	L	O	W	1	_	R	E	D	0	"	"	C	o	l	o	r	s	"	"	D	I	n	t	"	"	3	7	2	"	"
Y	E	L	L	O	W	1	_	R	E	D	1	"	"	C	o	l	o	r	s	"	"	D	I	n	t	"	"	3	7	3	"	"
Y	E	L	L	O	W	1	_	R	E	D	2	"	"	C	o	l	o	r	s	"	"	D	I	n	t	"	"	3	7	4	"	"
Y	E	L	L	O	W	2	_	R	E	D	0	"	"	C	o	l	o	r	s	"	"	D	I	n	t	"	"	3	7	5	"	"
Y	E	L	L	O	W	2	_	R	E	D	1	"	"	C	o	l	o	r	s	"	"	D	I	n	t	"	"	3	7	6	"	"
Y	E	L	L	O	W	2	_	R	E	D	2	"	"	C	o	l	o	r	s	"	"	D	I	n	t	"	"	3	7	7	"	"
F	L	A	S	H	_	Y	E	L	L	O	W	0	_	G	R	E	E	N	0	"	"	C	o	l	o	r	s	"	"	D	I	n	t	"	"	3	7	8	"	"
F	L	A	S	H	_	Y	E	L	L	O	W	0	_	G	R	E	E	N	1	"	"	C	o	l	o	r	s	"	"	D	I	n	t	"	"	3	7	9	"	"
F	L	A	S	H	_	Y	E	L	L	O	W	0	_	G	R	E	E	N	2	"	"	C	o	l	o	r	s	"	"	D	I	n	t	"	"	3	8	0	"	"
F	L	A	S	H	_	Y	E	L	L	O	W	1	_	G	R	E	E	N	0	"	"	C	o	l	o	r	s	"	"	D	I	n	t	"	"	3	8	1	"	"
F	L	A	S	H	_	Y	E	L	L	O	W	1	_	G	R	E	E	N	1	"	"	C	o	l	o	r	s	"	"	D	I	n	t	"	"	3	8	2	"	"
F	L	A	S	H	_	Y	E	L	L	O	W	1	_	G	R	E	E	N	2	"	"	C	o	l	o	r	s	"	"	D	I	n	t	"	"	3	8	3	"	"
F	L	A	S	H	_	Y	E	L	L	O	W	2	_	G	R	E	E	N	0	"	"	C	o	l	o	r	s	"	"	D	I	n	t	"	"	3	8	4	"	"
F	L	A	S	H	_	Y	E	L	L	O	W	2	_	G	R	E	E	N	1	"	"	C	o	l	o	r	s	"	"	D	I	n	t	"	"	3	8	5	"	"
F	L	A	S	H	_	Y	E	L	L	O	W	2	_	G	R	E	E	N	2	"	"	C	o	l	o	r	s	"	"	D	I	n	t	"	"	3	8	6	"	"
Y	E	L	L	O	W	0	_	G	R	E	E	N	0	"	"	C	o	l	o	r	s	"	"	D	I	n	t	"	"	3	8	7	"	"
Y	E	L	L	O	W	0	_	G	R	E	E	N	1	"	"	C	o	l	o	r	s	"	"	D	I	n	t	"	"	3	8	8	"	"
Y	E	L	L	O	W	0	_	G	R	E	E	N	2	"	"	C	o	l	o	r	s	"	"	D	I	n	t	"	"	3	8	9	"	"
Y	E	L	L	O	W	1	_	G	R	E	E	N	0	"	"	C	o	l	o	r	s	"	"	D	I	n	t	"	"	3	9	0	"	"
Y	E	L	L	O	W	1	_	G	R	E	E	N	1	"	"	C	o	l	o	r	s	"	"	D	I	n	t	"	"	3	9	1	"	"
Y	E	L	L	O	W	1	_	G	R	E	E	N	2	"	"	C	o	l	o	r	s	"	"	D	I	n	t	"	"	3	9	2	"	"
Y	E	L	L	O	W	2	_	G	R	E	E	N	0	"	"	C	o	l	o	r	s	"	"	D	I	n	t	"	"	3	9	3	"	"
Y	E	L	L	O	W	2	_	G	R	E	E	N	1	"	"	C	o	l	o	r	s	"	"	D	I	n	t	"	"	3	9	4	"	"
Y	E	L	L	O	W	2	_	G	R	E	E	N	2	"	"	C	o	l	o	r	s	"	"	D	I	n	t	"	"	3	9	5	"	"
F	L	A	S	H	_	Y	E	L	L	O	W	0	_	T	E	A	L	0	"	"	C	o	l	o	r	s	"	"	D	I	n	t	"	"	3	9	6	"	"
F	L	A	S	H	_	Y	E	L	L	O	W	0	_	T	E	A	L	1	"	"	C	o	l	o	r	s	"	"	D	I	n	t	"	"	3	9	7	"	"
F	L	A	S	H	_	Y	E	L	L	O	W	0	_	T	E	A	L	2	"	"	C	o	l	o	r	s	"	"	D	I	n	t	"	"	3	9	8	"	"
F	L	A	S	H	_	Y	E	L	L	O	W	1	_	T	E	A	L	0	"	"	C	o	l	o	r	s	"	"	D	I	n	t	"	"	3	9	9	"	"
F	L	A	S	H	_	Y	E	L	L	O	W	1	_	T	E	A	L	1	"	"	C	o	l	o	r	s	"	"	D	I	n	t	"	"	4	0	0	"	"
F	L	A	S	H	_	Y	E	L	L	O	W	1	_	T	E	A	L	2	"	"	C	o	l	o	r	s	"	"	D	I	n	t	"	"	4	0	1	"	"
F	L	A	S	H	_	Y	E	L	L	O	W	2	_	T	E	A	L	0	"	"	C	o	l	o	r	s	"	"	D	I	n	t	"	"	4	0	2	"	"
F	L	A	S	H	_	Y	E	L	L	O	W	2	_	T	E	A	L	1	"	"	C	o	l	o	r	s	"	"	D	I	n	t	"	"	4	0	3	"	"
F	L	A	S	H	_	Y	E	L	L	O	W	2	_	T	E	A	L	2	"	"	C	o	l	o	r	s	"	"	D	I	n	t	"	"	4	0	4	"	"
Y	E	L	L	O	W	0	_	T	E	A	L	0	"	"	C	o	l	o	r	s	"	"	D	I	n	t	"	"	4	0	5	"	"
Y	E	L	L	O	W	0	_	T	E	A	L	1	"	"	C	o	l	o	r	s	"	"	D	I	n	t	"	"	4	0	6	"	"
Y	E	L	L	O	W	0	_	T	E	A	L	2	"	"	C	o	l	o	r	s	"	"	D	I	n	t	"	"	4	0	7	"	"
Y	E	L	L	O	W	1	_	T	E	A	L	0	"	"	C	o	l	o	r	s	"	"	D	I	n	t	"	"	4	0	8	"	"
Y	E	L	L	O	W	1	_	T	E	A	L	1	"	"	C	o	l	o	r	s	"	"	D	I	n	t	"	"	4	0	9	"	"
Y	E	L	L	O	W	1	_	T	E	A	L	2	"	"	C	o	l	o	r	s	"	"	D	I	n	t	"	"	4	1	0	"	"
Y	E	L	L	O	W	2	_	T	E	A	L	0	"	"	C	o	l	o	r	s	"	"	D	I	n	t	"	"	4	1	1	"	"
Y	E	L	L	O	W	2	_	T	E	A	L	1	"	"	C	o	l	o	r	s	"	"	D	I	n	t	"	"	4	1	2	"	"
Y	E	L	L	O	W	2	_	T	E	A	L	2	"	"	C	o	l	o	r	s	"	"	D	I	n	t	"	"	4	1	3	"	"
F	L	A	S	H	_	Y	E	L	L	O	W	0	_	B	L	U	E	0	"	"	C	o	l	o	r	s	"	"	D	I	n	t	"	"	4	1	4	"	"
F	L	A	S	H	_	Y	E	L	L	O	W	0	_	B	L	U	E	1	"	"	C	o	l	o	r	s	"	"	D	I	n	t	"	"	4	1	5	"	"
F	L	A	S	H	_	Y	E	L	L	O	W	0	_	B	L	U	E	2	"	"	C	o	l	o	r	s	"	"	D	I	n	t	"	"	4	1	6	"	"
F	L	A	S	H	_	Y	E	L	L	O	W	1	_	B	L	U	E	0	"	"	C	o	l	o	r	s	"	"	D	I	n	t	"	"	4	1	7	"	"
F	L	A	S	H	_	Y	E	L	L	O	W	1	_	B	L	U	E	1	"	"	C	o	l	o	r	s	"	"	D	I	n	t	"	"	4	1	8	"	"
F	L	A	S	H	_	Y	E	L	L	O	W	1	_	B	L	U	E	2	"	"	C	o	l	o	r	s	"	"	D	I	n	t	"	"	4	1	9	"	"
F	L	A	S	H	_	Y	E	L	L	O	W	2	_	B	L	U	E	0	"	"	C	o	l	o	r	s	"	"	D	I	n	t	"	"	4	2	0	"	"
F	L	A	S	H	_	Y	E	L	L	O	W	2	_	B	L	U	E	1	"	"	C	o	l	o	r	s	"	"	D	I	n	t	"	"	4	2	1	"	"
F	L	A	S	H	_	Y	E	L	L	O	W	2	_	B	L	U	E	2	"	"	C	o	l	o	r	s	"	"	D	I	n	t	"	"	4	2	2	"	"
Y	E	L	L	O	W	0	_	B	L	U	E	0	"	"	C	o	l	o	r	s	"	"	D	I	n	t	"	"	4	2	3	"	"
Y	E	L	L	O	W	0	_	B	L	U	E	1	"	"	C	o	l	o	r	s	"	"	D	I	n	t	"	"	4	2	4	"	"
Y	E	L	L	O	W	0	_	B	L	U	E	2	"	"	C	o	l	o	r	s	"	"	D	I	n	t	"	"	4	2	5	"	"
Y	E	L	L	O	W	1	_	B	L	U	E	0	"	"	C	o	l	o	r	s	"	"	D	I	n	t	"	"	4	2	6	"	"
Y	E	L	L	O	W	1	_	B	L	U	E	1	"	"	C	o	l	o	r	s	"	"	D	I	n	t	"	"	4	2	7	"	"
Y	E	L	L	O	W	1	_	B	L	U	E	2	"	"	C	o	l	o	r	s	"	"	D	I	n	t	"	"	4	2	8	"	"
Y	E	L	L	O	W	2	_	B	L	U	E	0	"	"	C	o	l	o	r	s	"	"	D	I	n	t	"	"	4	2	9	"	"
Y	E	L	L	O	W	2	_	B	L	U	E	1	"	"	C	o	l	o	r	s	"	"	D	I	n	t	"	"	4	3	0	"	"
Y	E	L	L	O	W	2	_	B	L	U	E	2	"	"	C	o	l	o	r	s	"	"	D	I	n	t	"	"	4	3	1	"	"
F	L	A	S	H	_	Y	E	L	L	O	W	0	_	P	U	R	P	L	E	0	"	"	C	o	l	o	r	s	"	"	D	I	n	t	"	"	4	3	2	"	"
F	L	A	S	H	_	Y	E	L	L	O	W	0	_	P	U	R	P	L	E	1	"	"	C	o	l	o	r	s	"	"	D	I	n	t	"	"	4	3	3	"	"
F	L	A	S	H	_	Y	E	L	L	O	W	0	_	P	U	R	P	L	E	2	"	"	C	o	l	o	r	s	"	"	D	I	n	t	"	"	4	3	4	"	"
F	L	A	S	H	_	Y	E	L	L	O	W	1	_	P	U	R	P	L	E	0	"	"	C	o	l	o	r	s	"	"	D	I	n	t	"	"	4	3	5	"	"
F	L	A	S	H	_	Y	E	L	L	O	W	1	_	P	U	R	P	L	E	1	"	"	C	o	l	o	r	s	"	"	D	I	n	t	"	"	4	3	6	"	"
F	L	A	S	H	_	Y	E	L	L	O	W	1	_	P	U	R	P	L	E	2	"	"	C	o	l	o	r	s	"	"	D	I	n	t	"	"	4	3	7	"	"
F	L	A	S	H	_	Y	E	L	L	O	W	2	_	P	U	R	P	L	E	0	"	"	C	o	l	o	r	s	"	"	D	I	n	t	"	"	4	3	8	"	"
F	L	A	S	H	_	Y	E	L	L	O	W	2	_	P	U	R	P	L	E	1	"	"	C	o	l	o	r	s	"	"	D	I	n	t	"	"	4	3	9	"	"
F	L	A	S	H	_	Y	E	L	L	O	W	2	_	P	U	R	P	L	E	2	"	"	C	o	l	o	r	s	"	"	D	I	n	t	"	"	4	4	0	"	"
Y	E	L	L	O	W	0	_	P	U	R	P	L	E	0	"	"	C	o	l	o	r	s	"	"	D	I	n	t	"	"	4	4	1	"	"
Y	E	L	L	O	W	0	_	P	U	R	P	L	E	1	"	"	C	o	l	o	r	s	"	"	D	I	n	t	"	"	4	4	2	"	"
Y	E	L	L	O	W	0	_	P	U	R	P	L	E	2	"	"	C	o	l	o	r	s	"	"	D	I	n	t	"	"	4	4	3	"	"
Y	E	L	L	O	W	1	_	P	U	R	P	L	E	0	"	"	C	o	l	o	r	s	"	"	D	I	n	t	"	"	4	4	4	"	"
Y	E	L	L	O	W	1	_	P	U	R	P	L	E	1	"	"	C	o	l	o	r	s	"	"	D	I	n	t	"	"	4	4	5	"	"
Y	E	L	L	O	W	1	_	P	U	R	P	L	E	2	"	"	C	o	l	o	r	s	"	"	D	I	n	t	"	"	4	4	6	"	"
Y	E	L	L	O	W	2	_	P	U	R	P	L	E	0	"	"	C	o	l	o	r	s	"	"	D	I	n	t	"	"	4	4	7	"	"
Y	E	L	L	O	W	2	_	P	U	R	P	L	E	1	"	"	C	o	l	o	r	s	"	"	D	I	n	t	"	"	4	4	8	"	"
Y	E	L	L	O	W	2	_	P	U	R	P	L	E	2	"	"	C	o	l	o	r	s	"	"	D	I	n	t	"	"	4	4	9	"	"
G	R	E	E	N	0	_	W	H	I	T	E	0	"	"	C	o	l	o	r	s	"	"	D	I	n	t	"	"	4	5	0	"	"
G	R	E	E	N	0	_	W	H	I	T	E	1	"	"	C	o	l	o	r	s	"	"	D	I	n	t	"	"	4	5	1	"	"
G	R	E	E	N	0	_	W	H	I	T	E	2	"	"	C	o	l	o	r	s	"	"	D	I	n	t	"	"	4	5	2	"	"
G	R	E	E	N	1	_	W	H	I	T	E	0	"	"	C	o	l	o	r	s	"	"	D	I	n	t	"	"	4	5	3	"	"
G	R	E	E	N	1	_	W	H	I	T	E	1	"	"	C	o	l	o	r	s	"	"	D	I	n	t	"	"	4	5	4	"	"
G	R	E	E	N	1	_	W	H	I	T	E	2	"	"	C	o	l	o	r	s	"	"	D	I	n	t	"	"	4	5	5	"	"
G	R	E	E	N	2	_	W	H	I	T	E	0	"	"	C	o	l	o	r	s	"	"	D	I	n	t	"	"	4	5	6	"	"
G	R	E	E	N	2	_	W	H	I	T	E	1	"	"	C	o	l	o	r	s	"	"	D	I	n	t	"	"	4	5	7	"	"
G	R	E	E	N	2	_	W	H	I	T	E	2	"	"	C	o	l	o	r	s	"	"	D	I	n	t	"	"	4	5	8	"	"
G	R	E	E	N	0	_	B	L	A	C	K	0	"	"	C	o	l	o	r	s	"	"	D	I	n	t	"	"	4	5	9	"	"
G	R	E	E	N	0	_	B	L	A	C	K	1	"	"	C	o	l	o	r	s	"	"	D	I	n	t	"	"	4	6	0	"	"
G	R	E	E	N	0	_	B	L	A	C	K	2	"	"	C	o	l	o	r	s	"	"	D	I	n	t	"	"	4	6	1	"	"
G	R	E	E	N	1	_	B	L	A	C	K	0	"	"	C	o	l	o	r	s	"	"	D	I	n	t	"	"	4	6	2	"	"
G	R	E	E	N	1	_	B	L	A	C	K	1	"	"	C	o	l	o	r	s	"	"	D	I	n	t	"	"	4	6	3	"	"
G	R	E	E	N	1	_	B	L	A	C	K	2	"	"	C	o	l	o	r	s	"	"	D	I	n	t	"	"	4	6	4	"	"
G	R	E	E	N	2	_	B	L	A	C	K	0	"	"	C	o	l	o	r	s	"	"	D	I	n	t	"	"	4	6	5	"	"
G	R	E	E	N	2	_	B	L	A	C	K	1	"	"	C	o	l	o	r	s	"	"	D	I	n	t	"	"	4	6	6	"	"
G	R	E	E	N	2	_	B	L	A	C	K	2	"	"	C	o	l	o	r	s	"	"	D	I	n	t	"	"	4	6	7	"	"
G	R	E	E	N	0	_	R	E	D	0	"	"	C	o	l	o	r	s	"	"	D	I	n	t	"	"	4	6	8	"	"
G	R	E	E	N	0	_	R	E	D	1	"	"	C	o	l	o	r	s	"	"	D	I	n	t	"	"	4	6	9	"	"
G	R	E	E	N	0	_	R	E	D	2	"	"	C	o	l	o	r	s	"	"	D	I	n	t	"	"	4	7	0	"	"
G	R	E	E	N	1	_	R	E	D	0	"	"	C	o	l	o	r	s	"	"	D	I	n	t	"	"	4	7	1	"	"
G	R	E	E	N	1	_	R	E	D	1	"	"	C	o	l	o	r	s	"	"	D	I	n	t	"	"	4	7	2	"	"
G	R	E	E	N	1	_	R	E	D	2	"	"	C	o	l	o	r	s	"	"	D	I	n	t	"	"	4	7	3	"	"
G	R	E	E	N	2	_	R	E	D	0	"	"	C	o	l	o	r	s	"	"	D	I	n	t	"	"	4	7	4	"	"
G	R	E	E	N	2	_	R	E	D	1	"	"	C	o	l	o	r	s	"	"	D	I	n	t	"	"	4	7	5	"	"
G	R	E	E	N	2	_	R	E	D	2	"	"	C	o	l	o	r	s	"	"	D	I	n	t	"	"	4	7	6	"	"
G	R	E	E	N	0	_	Y	E	L	L	O	W	0	"	"	C	o	l	o	r	s	"	"	D	I	n	t	"	"	4	7	7	"	"
G	R	E	E	N	0	_	Y	E	L	L	O	W	1	"	"	C	o	l	o	r	s	"	"	D	I	n	t	"	"	4	7	8	"	"
G	R	E	E	N	0	_	Y	E	L	L	O	W	2	"	"	C	o	l	o	r	s	"	"	D	I	n	t	"	"	4	7	9	"	"
G	R	E	E	N	1	_	Y	E	L	L	O	W	0	"	"	C	o	l	o	r	s	"	"	D	I	n	t	"	"	4	8	0	"	"
G	R	E	E	N	1	_	Y	E	L	L	O	W	1	"	"	C	o	l	o	r	s	"	"	D	I	n	t	"	"	4	8	1	"	"
G	R	E	E	N	1	_	Y	E	L	L	O	W	2	"	"	C	o	l	o	r	s	"	"	D	I	n	t	"	"	4	8	2	"	"
G	R	E	E	N	2	_	Y	E	L	L	O	W	0	"	"	C	o	l	o	r	s	"	"	D	I	n	t	"	"	4	8	3	"	"
G	R	E	E	N	2	_	Y	E	L	L	O	W	1	"	"	C	o	l	o	r	s	"	"	D	I	n	t	"	"	4	8	4	"	"
G	R	E	E	N	2	_	Y	E	L	L	O	W	2	"	"	C	o	l	o	r	s	"	"	D	I	n	t	"	"	4	8	5	"	"
F	L	A	S	H	_	G	R	E	E	N	0	_	T	E	A	L	0	"	"	C	o	l	o	r	s	"	"	D	I	n	t	"	"	4	8	6	"	"
F	L	A	S	H	_	G	R	E	E	N	0	_	T	E	A	L	1	"	"	C	o	l	o	r	s	"	"	D	I	n	t	"	"	4	8	7	"	"
F	L	A	S	H	_	G	R	E	E	N	0	_	T	E	A	L	2	"	"	C	o	l	o	r	s	"	"	D	I	n	t	"	"	4	8	8	"	"
F	L	A	S	H	_	G	R	E	E	N	1	_	T	E	A	L	0	"	"	C	o	l	o	r	s	"	"	D	I	n	t	"	"	4	8	9	"	"
F	L	A	S	H	_	G	R	E	E	N	1	_	T	E	A	L	1	"	"	C	o	l	o	r	s	"	"	D	I	n	t	"	"	4	9	0	"	"
F	L	A	S	H	_	G	R	E	E	N	1	_	T	E	A	L	2	"	"	C	o	l	o	r	s	"	"	D	I	n	t	"	"	4	9	1	"	"
F	L	A	S	H	_	G	R	E	E	N	2	_	T	E	A	L	0	"	"	C	o	l	o	r	s	"	"	D	I	n	t	"	"	4	9	2	"	"
F	L	A	S	H	_	G	R	E	E	N	2	_	T	E	A	L	1	"	"	C	o	l	o	r	s	"	"	D	I	n	t	"	"	4	9	3	"	"
F	L	A	S	H	_	G	R	E	E	N	2	_	T	E	A	L	2	"	"	C	o	l	o	r	s	"	"	D	I	n	t	"	"	4	9	4	"	"
G	R	E	E	N	0	_	T	E	A	L	0	"	"	C	o	l	o	r	s	"	"	D	I	n	t	"	"	4	9	5	"	"
G	R	E	E	N	0	_	T	E	A	L	1	"	"	C	o	l	o	r	s	"	"	D	I	n	t	"	"	4	9	6	"	"
G	R	E	E	N	0	_	T	E	A	L	2	"	"	C	o	l	o	r	s	"	"	D	I	n	t	"	"	4	9	7	"	"
G	R	E	E	N	1	_	T	E	A	L	0	"	"	C	o	l	o	r	s	"	"	D	I	n	t	"	"	4	9	8	"	"
G	R	E	E	N	1	_	T	E	A	L	1	"	"	C	o	l	o	r	s	"	"	D	I	n	t	"	"	4	9	9	"	"
G	R	E	E	N	1	_	T	E	A	L	2	"	"	C	o	l	o	r	s	"	"	D	I	n	t	"	"	5	0	0	"	"
G	R	E	E	N	2	_	T	E	A	L	0	"	"	C	o	l	o	r	s	"	"	D	I	n	t	"	"	5	0	1	"	"
G	R	E	E	N	2	_	T	E	A	L	1	"	"	C	o	l	o	r	s	"	"	D	I	n	t	"	"	5	0	2	"	"
G	R	E	E	N	2	_	T	E	A	L	2	"	"	C	o	l	o	r	s	"	"	D	I	n	t	"	"	5	0	3	"	"
F	L	A	S	H	_	G	R	E	E	N	0	_	B	L	U	E	0	"	"	C	o	l	o	r	s	"	"	D	I	n	t	"	"	5	0	4	"	"
F	L	A	S	H	_	G	R	E	E	N	0	_	B	L	U	E	1	"	"	C	o	l	o	r	s	"	"	D	I	n	t	"	"	5	0	5	"	"
F	L	A	S	H	_	G	R	E	E	N	0	_	B	L	U	E	2	"	"	C	o	l	o	r	s	"	"	D	I	n	t	"	"	5	0	6	"	"
F	L	A	S	H	_	G	R	E	E	N	1	_	B	L	U	E	0	"	"	C	o	l	o	r	s	"	"	D	I	n	t	"	"	5	0	7	"	"
F	L	A	S	H	_	G	R	E	E	N	1	_	B	L	U	E	1	"	"	C	o	l	o	r	s	"	"	D	I	n	t	"	"	5	0	8	"	"
F	L	A	S	H	_	G	R	E	E	N	1	_	B	L	U	E	2	"	"	C	o	l	o	r	s	"	"	D	I	n	t	"	"	5	0	9	"	"
F	L	A	S	H	_	G	R	E	E	N	2	_	B	L	U	E	0	"	"	C	o	l	o	r	s	"	"	D	I	n	t	"	"	5	1	0	"	"
F	L	A	S	H	_	G	R	E	E	N	2	_	B	L	U	E	1	"	"	C	o	l	o	r	s	"	"	D	I	n	t	"	"	5	1	1	"	"
F	L	A	S	H	_	G	R	E	E	N	2	_	B	L	U	E	2	"	"	C	o	l	o	r	s	"	"	D	I	n	t	"	"	5	1	2	"	"
G	R	E	E	N	0	_	B	L	U	E	0	"	"	C	o	l	o	r	s	"	"	D	I	n	t	"	"	5	1	3	"	"
G	R	E	E	N	0	_	B	L	U	E	1	"	"	C	o	l	o	r	s	"	"	D	I	n	t	"	"	5	1	4	"	"
G	R	E	E	N	0	_	B	L	U	E	2	"	"	C	o	l	o	r	s	"	"	D	I	n	t	"	"	5	1	5	"	"
G	R	E	E	N	1	_	B	L	U	E	0	"	"	C	o	l	o	r	s	"	"	D	I	n	t	"	"	5	1	6	"	"
G	R	E	E	N	1	_	B	L	U	E	1	"	"	C	o	l	o	r	s	"	"	D	I	n	t	"	"	5	1	7	"	"
G	R	E	E	N	1	_	B	L	U	E	2	"	"	C	o	l	o	r	s	"	"	D	I	n	t	"	"	5	1	8	"	"
G	R	E	E	N	2	_	B	L	U	E	0	"	"	C	o	l	o	r	s	"	"	D	I	n	t	"	"	5	1	9	"	"
G	R	E	E	N	2	_	B	L	U	E	1	"	"	C	o	l	o	r	s	"	"	D	I	n	t	"	"	5	2	0	"	"
G	R	E	E	N	2	_	B	L	U	E	2	"	"	C	o	l	o	r	s	"	"	D	I	n	t	"	"	5	2	1	"	"
F	L	A	S	H	_	G	R	E	E	N	0	_	P	U	R	P	L	E	0	"	"	C	o	l	o	r	s	"	"	D	I	n	t	"	"	5	2	2	"	"
F	L	A	S	H	_	G	R	E	E	N	0	_	P	U	R	P	L	E	1	"	"	C	o	l	o	r	s	"	"	D	I	n	t	"	"	5	2	3	"	"
F	L	A	S	H	_	G	R	E	E	N	0	_	P	U	R	P	L	E	2	"	"	C	o	l	o	r	s	"	"	D	I	n	t	"	"	5	2	4	"	"
F	L	A	S	H	_	G	R	E	E	N	1	_	P	U	R	P	L	E	0	"	"	C	o	l	o	r	s	"	"	D	I	n	t	"	"	5	2	5	"	"
F	L	A	S	H	_	G	R	E	E	N	1	_	P	U	R	P	L	E	1	"	"	C	o	l	o	r	s	"	"	D	I	n	t	"	"	5	2	6	"	"
F	L	A	S	H	_	G	R	E	E	N	1	_	P	U	R	P	L	E	2	"	"	C	o	l	o	r	s	"	"	D	I	n	t	"	"	5	2	7	"	"
F	L	A	S	H	_	G	R	E	E	N	2	_	P	U	R	P	L	E	0	"	"	C	o	l	o	r	s	"	"	D	I	n	t	"	"	5	2	8	"	"
F	L	A	S	H	_	G	R	E	E	N	2	_	P	U	R	P	L	E	1	"	"	C	o	l	o	r	s	"	"	D	I	n	t	"	"	5	2	9	"	"
F	L	A	S	H	_	G	R	E	E	N	2	_	P	U	R	P	L	E	2	"	"	C	o	l	o	r	s	"	"	D	I	n	t	"	"	5	3	0	"	"
G	R	E	E	N	0	_	P	U	R	P	L	E	0	"	"	C	o	l	o	r	s	"	"	D	I	n	t	"	"	5	3	1	"	"
G	R	E	E	N	0	_	P	U	R	P	L	E	1	"	"	C	o	l	o	r	s	"	"	D	I	n	t	"	"	5	3	2	"	"
G	R	E	E	N	0	_	P	U	R	P	L	E	2	"	"	C	o	l	o	r	s	"	"	D	I	n	t	"	"	5	3	3	"	"
G	R	E	E	N	1	_	P	U	R	P	L	E	0	"	"	C	o	l	o	r	s	"	"	D	I	n	t	"	"	5	3	4	"	"
G	R	E	E	N	1	_	P	U	R	P	L	E	1	"	"	C	o	l	o	r	s	"	"	D	I	n	t	"	"	5	3	5	"	"
G	R	E	E	N	1	_	P	U	R	P	L	E	2	"	"	C	o	l	o	r	s	"	"	D	I	n	t	"	"	5	3	6	"	"
G	R	E	E	N	2	_	P	U	R	P	L	E	0	"	"	C	o	l	o	r	s	"	"	D	I	n	t	"	"	5	3	7	"	"
G	R	E	E	N	2	_	P	U	R	P	L	E	1	"	"	C	o	l	o	r	s	"	"	D	I	n	t	"	"	5	3	8	"	"
G	R	E	E	N	2	_	P	U	R	P	L	E	2	"	"	C	o	l	o	r	s	"	"	D	I	n	t	"	"	5	3	9	"	"
T	E	A	L	0	_	W	H	I	T	E	0	"	"	C	o	l	o	r	s	"	"	D	I	n	t	"	"	5	4	0	"	"
T	E	A	L	0	_	W	H	I	T	E	1	"	"	C	o	l	o	r	s	"	"	D	I	n	t	"	"	5	4	1	"	"
T	E	A	L	0	_	W	H	I	T	E	2	"	"	C	o	l	o	r	s	"	"	D	I	n	t	"	"	5	4	2	"	"
T	E	A	L	1	_	W	H	I	T	E	0	"	"	C	o	l	o	r	s	"	"	D	I	n	t	"	"	5	4	3	"	"
T	E	A	L	1	_	W	H	I	T	E	1	"	"	C	o	l	o	r	s	"	"	D	I	n	t	"	"	5	4	4	"	"
T	E	A	L	1	_	W	H	I	T	E	2	"	"	C	o	l	o	r	s	"	"	D	I	n	t	"	"	5	4	5	"	"
T	E	A	L	2	_	W	H	I	T	E	0	"	"	C	o	l	o	r	s	"	"	D	I	n	t	"	"	5	4	6	"	"
T	E	A	L	2	_	W	H	I	T	E	1	"	"	C	o	l	o	r	s	"	"	D	I	n	t	"	"	5	4	7	"	"
T	E	A	L	2	_	W	H	I	T	E	2	"	"	C	o	l	o	r	s	"	"	D	I	n	t	"	"	5	4	8	"	"
T	E	A	L	0	_	B	L	A	C	K	0	"	"	C	o	l	o	r	s	"	"	D	I	n	t	"	"	5	4	9	"	"
T	E	A	L	0	_	B	L	A	C	K	1	"	"	C	o	l	o	r	s	"	"	D	I	n	t	"	"	5	5	0	"	"
T	E	A	L	0	_	B	L	A	C	K	2	"	"	C	o	l	o	r	s	"	"	D	I	n	t	"	"	5	5	1	"	"
T	E	A	L	1	_	B	L	A	C	K	0	"	"	C	o	l	o	r	s	"	"	D	I	n	t	"	"	5	5	2	"	"
T	E	A	L	1	_	B	L	A	C	K	1	"	"	C	o	l	o	r	s	"	"	D	I	n	t	"	"	5	5	3	"	"
T	E	A	L	1	_	B	L	A	C	K	2	"	"	C	o	l	o	r	s	"	"	D	I	n	t	"	"	5	5	4	"	"
T	E	A	L	2	_	B	L	A	C	K	0	"	"	C	o	l	o	r	s	"	"	D	I	n	t	"	"	5	5	5	"	"
T	E	A	L	2	_	B	L	A	C	K	1	"	"	C	o	l	o	r	s	"	"	D	I	n	t	"	"	5	5	6	"	"
T	E	A	L	2	_	B	L	A	C	K	2	"	"	C	o	l	o	r	s	"	"	D	I	n	t	"	"	5	5	7	"	"
T	E	A	L	0	_	R	E	D	0	"	"	C	o	l	o	r	s	"	"	D	I	n	t	"	"	5	5	8	"	"
T	E	A	L	0	_	R	E	D	1	"	"	C	o	l	o	r	s	"	"	D	I	n	t	"	"	5	5	9	"	"
T	E	A	L	0	_	R	E	D	2	"	"	C	o	l	o	r	s	"	"	D	I	n	t	"	"	5	6	0	"	"
T	E	A	L	1	_	R	E	D	0	"	"	C	o	l	o	r	s	"	"	D	I	n	t	"	"	5	6	1	"	"
T	E	A	L	1	_	R	E	D	1	"	"	C	o	l	o	r	s	"	"	D	I	n	t	"	"	5	6	2	"	"
T	E	A	L	1	_	R	E	D	2	"	"	C	o	l	o	r	s	"	"	D	I	n	t	"	"	5	6	3	"	"
T	E	A	L	2	_	R	E	D	0	"	"	C	o	l	o	r	s	"	"	D	I	n	t	"	"	5	6	4	"	"
T	E	A	L	2	_	R	E	D	1	"	"	C	o	l	o	r	s	"	"	D	I	n	t	"	"	5	6	5	"	"
T	E	A	L	2	_	R	E	D	2	"	"	C	o	l	o	r	s	"	"	D	I	n	t	"	"	5	6	6	"	"
T	E	A	L	0	_	Y	E	L	L	O	W	0	"	"	C	o	l	o	r	s	"	"	D	I	n	t	"	"	5	6	7	"	"
T	E	A	L	0	_	Y	E	L	L	O	W	1	"	"	C	o	l	o	r	s	"	"	D	I	n	t	"	"	5	6	8	"	"
T	E	A	L	0	_	Y	E	L	L	O	W	2	"	"	C	o	l	o	r	s	"	"	D	I	n	t	"	"	5	6	9	"	"
T	E	A	L	1	_	Y	E	L	L	O	W	0	"	"	C	o	l	o	r	s	"	"	D	I	n	t	"	"	5	7	0	"	"
T	E	A	L	1	_	Y	E	L	L	O	W	1	"	"	C	o	l	o	r	s	"	"	D	I	n	t	"	"	5	7	1	"	"
T	E	A	L	1	_	Y	E	L	L	O	W	2	"	"	C	o	l	o	r	s	"	"	D	I	n	t	"	"	5	7	2	"	"
T	E	A	L	2	_	Y	E	L	L	O	W	0	"	"	C	o	l	o	r	s	"	"	D	I	n	t	"	"	5	7	3	"	"
T	E	A	L	2	_	Y	E	L	L	O	W	1	"	"	C	o	l	o	r	s	"	"	D	I	n	t	"	"	5	7	4	"	"
T	E	A	L	2	_	Y	E	L	L	O	W	2	"	"	C	o	l	o	r	s	"	"	D	I	n	t	"	"	5	7	5	"	"
T	E	A	L	0	_	G	R	E	E	N	0	"	"	C	o	l	o	r	s	"	"	D	I	n	t	"	"	5	7	6	"	"
T	E	A	L	0	_	G	R	E	E	N	1	"	"	C	o	l	o	r	s	"	"	D	I	n	t	"	"	5	7	7	"	"
T	E	A	L	0	_	G	R	E	E	N	2	"	"	C	o	l	o	r	s	"	"	D	I	n	t	"	"	5	7	8	"	"
T	E	A	L	1	_	G	R	E	E	N	0	"	"	C	o	l	o	r	s	"	"	D	I	n	t	"	"	5	7	9	"	"
T	E	A	L	1	_	G	R	E	E	N	1	"	"	C	o	l	o	r	s	"	"	D	I	n	t	"	"	5	8	0	"	"
T	E	A	L	1	_	G	R	E	E	N	2	"	"	C	o	l	o	r	s	"	"	D	I	n	t	"	"	5	8	1	"	"
T	E	A	L	2	_	G	R	E	E	N	0	"	"	C	o	l	o	r	s	"	"	D	I	n	t	"	"	5	8	2	"	"
T	E	A	L	2	_	G	R	E	E	N	1	"	"	C	o	l	o	r	s	"	"	D	I	n	t	"	"	5	8	3	"	"
T	E	A	L	2	_	G	R	E	E	N	2	"	"	C	o	l	o	r	s	"	"	D	I	n	t	"	"	5	8	4	"	"
F	L	A	S	H	_	T	E	A	L	0	_	B	L	U	E	0	"	"	C	o	l	o	r	s	"	"	D	I	n	t	"	"	5	8	5	"	"
F	L	A	S	H	_	T	E	A	L	0	_	B	L	U	E	1	"	"	C	o	l	o	r	s	"	"	D	I	n	t	"	"	5	8	6	"	"
F	L	A	S	H	_	T	E	A	L	0	_	B	L	U	E	2	"	"	C	o	l	o	r	s	"	"	D	I	n	t	"	"	5	8	7	"	"
F	L	A	S	H	_	T	E	A	L	1	_	B	L	U	E	0	"	"	C	o	l	o	r	s	"	"	D	I	n	t	"	"	5	8	8	"	"
F	L	A	S	H	_	T	E	A	L	1	_	B	L	U	E	1	"	"	C	o	l	o	r	s	"	"	D	I	n	t	"	"	5	8	9	"	"
F	L	A	S	H	_	T	E	A	L	1	_	B	L	U	E	2	"	"	C	o	l	o	r	s	"	"	D	I	n	t	"	"	5	9	0	"	"
F	L	A	S	H	_	T	E	A	L	2	_	B	L	U	E	0	"	"	C	o	l	o	r	s	"	"	D	I	n	t	"	"	5	9	1	"	"
F	L	A	S	H	_	T	E	A	L	2	_	B	L	U	E	1	"	"	C	o	l	o	r	s	"	"	D	I	n	t	"	"	5	9	2	"	"
F	L	A	S	H	_	T	E	A	L	2	_	B	L	U	E	2	"	"	C	o	l	o	r	s	"	"	D	I	n	t	"	"	5	9	3	"	"
T	E	A	L	0	_	B	L	U	E	0	"	"	C	o	l	o	r	s	"	"	D	I	n	t	"	"	5	9	4	"	"
T	E	A	L	0	_	B	L	U	E	1	"	"	C	o	l	o	r	s	"	"	D	I	n	t	"	"	5	9	5	"	"
T	E	A	L	0	_	B	L	U	E	2	"	"	C	o	l	o	r	s	"	"	D	I	n	t	"	"	5	9	6	"	"
T	E	A	L	1	_	B	L	U	E	0	"	"	C	o	l	o	r	s	"	"	D	I	n	t	"	"	5	9	7	"	"
T	E	A	L	1	_	B	L	U	E	1	"	"	C	o	l	o	r	s	"	"	D	I	n	t	"	"	5	9	8	"	"
T	E	A	L	1	_	B	L	U	E	2	"	"	C	o	l	o	r	s	"	"	D	I	n	t	"	"	5	9	9	"	"
T	E	A	L	2	_	B	L	U	E	0	"	"	C	o	l	o	r	s	"	"	D	I	n	t	"	"	6	0	0	"	"
T	E	A	L	2	_	B	L	U	E	1	"	"	C	o	l	o	r	s	"	"	D	I	n	t	"	"	6	0	1	"	"
T	E	A	L	2	_	B	L	U	E	2	"	"	C	o	l	o	r	s	"	"	D	I	n	t	"	"	6	0	2	"	"
F	L	A	S	H	_	T	E	A	L	0	_	P	U	R	P	L	E	0	"	"	C	o	l	o	r	s	"	"	D	I	n	t	"	"	6	0	3	"	"
F	L	A	S	H	_	T	E	A	L	0	_	P	U	R	P	L	E	1	"	"	C	o	l	o	r	s	"	"	D	I	n	t	"	"	6	0	4	"	"
F	L	A	S	H	_	T	E	A	L	0	_	P	U	R	P	L	E	2	"	"	C	o	l	o	r	s	"	"	D	I	n	t	"	"	6	0	5	"	"
F	L	A	S	H	_	T	E	A	L	1	_	P	U	R	P	L	E	0	"	"	C	o	l	o	r	s	"	"	D	I	n	t	"	"	6	0	6	"	"
F	L	A	S	H	_	T	E	A	L	1	_	P	U	R	P	L	E	1	"	"	C	o	l	o	r	s	"	"	D	I	n	t	"	"	6	0	7	"	"
F	L	A	S	H	_	T	E	A	L	1	_	P	U	R	P	L	E	2	"	"	C	o	l	o	r	s	"	"	D	I	n	t	"	"	6	0	8	"	"
F	L	A	S	H	_	T	E	A	L	2	_	P	U	R	P	L	E	0	"	"	C	o	l	o	r	s	"	"	D	I	n	t	"	"	6	0	9	"	"
F	L	A	S	H	_	T	E	A	L	2	_	P	U	R	P	L	E	1	"	"	C	o	l	o	r	s	"	"	D	I	n	t	"	"	6	1	0	"	"
F	L	A	S	H	_	T	E	A	L	2	_	P	U	R	P	L	E	2	"	"	C	o	l	o	r	s	"	"	D	I	n	t	"	"	6	1	1	"	"
T	E	A	L	0	_	P	U	R	P	L	E	0	"	"	C	o	l	o	r	s	"	"	D	I	n	t	"	"	6	1	2	"	"
T	E	A	L	0	_	P	U	R	P	L	E	1	"	"	C	o	l	o	r	s	"	"	D	I	n	t	"	"	6	1	3	"	"
T	E	A	L	0	_	P	U	R	P	L	E	2	"	"	C	o	l	o	r	s	"	"	D	I	n	t	"	"	6	1	4	"	"
T	E	A	L	1	_	P	U	R	P	L	E	0	"	"	C	o	l	o	r	s	"	"	D	I	n	t	"	"	6	1	5	"	"
T	E	A	L	1	_	P	U	R	P	L	E	1	"	"	C	o	l	o	r	s	"	"	D	I	n	t	"	"	6	1	6	"	"
T	E	A	L	1	_	P	U	R	P	L	E	2	"	"	C	o	l	o	r	s	"	"	D	I	n	t	"	"	6	1	7	"	"
T	E	A	L	2	_	P	U	R	P	L	E	0	"	"	C	o	l	o	r	s	"	"	D	I	n	t	"	"	6	1	8	"	"
T	E	A	L	2	_	P	U	R	P	L	E	1	"	"	C	o	l	o	r	s	"	"	D	I	n	t	"	"	6	1	9	"	"
T	E	A	L	2	_	P	U	R	P	L	E	2	"	"	C	o	l	o	r	s	"	"	D	I	n	t	"	"	6	2	0	"	"
B	L	U	E	0	_	W	H	I	T	E	0	"	"	C	o	l	o	r	s	"	"	D	I	n	t	"	"	6	2	1	"	"
B	L	U	E	0	_	W	H	I	T	E	1	"	"	C	o	l	o	r	s	"	"	D	I	n	t	"	"	6	2	2	"	"
B	L	U	E	0	_	W	H	I	T	E	2	"	"	C	o	l	o	r	s	"	"	D	I	n	t	"	"	6	2	3	"	"
B	L	U	E	1	_	W	H	I	T	E	0	"	"	C	o	l	o	r	s	"	"	D	I	n	t	"	"	6	2	4	"	"
B	L	U	E	1	_	W	H	I	T	E	1	"	"	C	o	l	o	r	s	"	"	D	I	n	t	"	"	6	2	5	"	"
B	L	U	E	1	_	W	H	I	T	E	2	"	"	C	o	l	o	r	s	"	"	D	I	n	t	"	"	6	2	6	"	"
B	L	U	E	2	_	W	H	I	T	E	0	"	"	C	o	l	o	r	s	"	"	D	I	n	t	"	"	6	2	7	"	"
B	L	U	E	2	_	W	H	I	T	E	1	"	"	C	o	l	o	r	s	"	"	D	I	n	t	"	"	6	2	8	"	"
B	L	U	E	2	_	W	H	I	T	E	2	"	"	C	o	l	o	r	s	"	"	D	I	n	t	"	"	6	2	9	"	"
B	L	U	E	0	_	B	L	A	C	K	0	"	"	C	o	l	o	r	s	"	"	D	I	n	t	"	"	6	3	0	"	"
B	L	U	E	0	_	B	L	A	C	K	1	"	"	C	o	l	o	r	s	"	"	D	I	n	t	"	"	6	3	1	"	"
B	L	U	E	0	_	B	L	A	C	K	2	"	"	C	o	l	o	r	s	"	"	D	I	n	t	"	"	6	3	2	"	"
B	L	U	E	1	_	B	L	A	C	K	0	"	"	C	o	l	o	r	s	"	"	D	I	n	t	"	"	6	3	3	"	"
B	L	U	E	1	_	B	L	A	C	K	1	"	"	C	o	l	o	r	s	"	"	D	I	n	t	"	"	6	3	4	"	"
B	L	U	E	1	_	B	L	A	C	K	2	"	"	C	o	l	o	r	s	"	"	D	I	n	t	"	"	6	3	5	"	"
B	L	U	E	2	_	B	L	A	C	K	0	"	"	C	o	l	o	r	s	"	"	D	I	n	t	"	"	6	3	6	"	"
B	L	U	E	2	_	B	L	A	C	K	1	"	"	C	o	l	o	r	s	"	"	D	I	n	t	"	"	6	3	7	"	"
B	L	U	E	2	_	B	L	A	C	K	2	"	"	C	o	l	o	r	s	"	"	D	I	n	t	"	"	6	3	8	"	"
B	L	U	E	0	_	R	E	D	0	"	"	C	o	l	o	r	s	"	"	D	I	n	t	"	"	6	3	9	"	"
B	L	U	E	0	_	R	E	D	1	"	"	C	o	l	o	r	s	"	"	D	I	n	t	"	"	6	4	0	"	"
B	L	U	E	0	_	R	E	D	2	"	"	C	o	l	o	r	s	"	"	D	I	n	t	"	"	6	4	1	"	"
B	L	U	E	1	_	R	E	D	0	"	"	C	o	l	o	r	s	"	"	D	I	n	t	"	"	6	4	2	"	"
B	L	U	E	1	_	R	E	D	1	"	"	C	o	l	o	r	s	"	"	D	I	n	t	"	"	6	4	3	"	"
B	L	U	E	1	_	R	E	D	2	"	"	C	o	l	o	r	s	"	"	D	I	n	t	"	"	6	4	4	"	"
B	L	U	E	2	_	R	E	D	0	"	"	C	o	l	o	r	s	"	"	D	I	n	t	"	"	6	4	5	"	"
B	L	U	E	2	_	R	E	D	1	"	"	C	o	l	o	r	s	"	"	D	I	n	t	"	"	6	4	6	"	"
B	L	U	E	2	_	R	E	D	2	"	"	C	o	l	o	r	s	"	"	D	I	n	t	"	"	6	4	7	"	"
B	L	U	E	0	_	Y	E	L	L	O	W	0	"	"	C	o	l	o	r	s	"	"	D	I	n	t	"	"	6	4	8	"	"
B	L	U	E	0	_	Y	E	L	L	O	W	1	"	"	C	o	l	o	r	s	"	"	D	I	n	t	"	"	6	4	9	"	"
B	L	U	E	0	_	Y	E	L	L	O	W	2	"	"	C	o	l	o	r	s	"	"	D	I	n	t	"	"	6	5	0	"	"
B	L	U	E	1	_	Y	E	L	L	O	W	0	"	"	C	o	l	o	r	s	"	"	D	I	n	t	"	"	6	5	1	"	"
B	L	U	E	1	_	Y	E	L	L	O	W	1	"	"	C	o	l	o	r	s	"	"	D	I	n	t	"	"	6	5	2	"	"
B	L	U	E	1	_	Y	E	L	L	O	W	2	"	"	C	o	l	o	r	s	"	"	D	I	n	t	"	"	6	5	3	"	"
B	L	U	E	2	_	Y	E	L	L	O	W	0	"	"	C	o	l	o	r	s	"	"	D	I	n	t	"	"	6	5	4	"	"
B	L	U	E	2	_	Y	E	L	L	O	W	1	"	"	C	o	l	o	r	s	"	"	D	I	n	t	"	"	6	5	5	"	"
B	L	U	E	2	_	Y	E	L	L	O	W	2	"	"	C	o	l	o	r	s	"	"	D	I	n	t	"	"	6	5	6	"	"
B	L	U	E	0	_	G	R	E	E	N	0	"	"	C	o	l	o	r	s	"	"	D	I	n	t	"	"	6	5	7	"	"
B	L	U	E	0	_	G	R	E	E	N	1	"	"	C	o	l	o	r	s	"	"	D	I	n	t	"	"	6	5	8	"	"
B	L	U	E	0	_	G	R	E	E	N	2	"	"	C	o	l	o	r	s	"	"	D	I	n	t	"	"	6	5	9	"	"
B	L	U	E	1	_	G	R	E	E	N	0	"	"	C	o	l	o	r	s	"	"	D	I	n	t	"	"	6	6	0	"	"
B	L	U	E	1	_	G	R	E	E	N	1	"	"	C	o	l	o	r	s	"	"	D	I	n	t	"	"	6	6	1	"	"
B	L	U	E	1	_	G	R	E	E	N	2	"	"	C	o	l	o	r	s	"	"	D	I	n	t	"	"	6	6	2	"	"
B	L	U	E	2	_	G	R	E	E	N	0	"	"	C	o	l	o	r	s	"	"	D	I	n	t	"	"	6	6	3	"	"
B	L	U	E	2	_	G	R	E	E	N	1	"	"	C	o	l	o	r	s	"	"	D	I	n	t	"	"	6	6	4	"	"
B	L	U	E	2	_	G	R	E	E	N	2	"	"	C	o	l	o	r	s	"	"	D	I	n	t	"	"	6	6	5	"	"
B	L	U	E	0	_	T	E	A	L	0	"	"	C	o	l	o	r	s	"	"	D	I	n	t	"	"	6	6	6	"	"
B	L	U	E	0	_	T	E	A	L	1	"	"	C	o	l	o	r	s	"	"	D	I	n	t	"	"	6	6	7	"	"
B	L	U	E	0	_	T	E	A	L	2	"	"	C	o	l	o	r	s	"	"	D	I	n	t	"	"	6	6	8	"	"
B	L	U	E	1	_	T	E	A	L	0	"	"	C	o	l	o	r	s	"	"	D	I	n	t	"	"	6	6	9	"	"
B	L	U	E	1	_	T	E	A	L	1	"	"	C	o	l	o	r	s	"	"	D	I	n	t	"	"	6	7	0	"	"
B	L	U	E	1	_	T	E	A	L	2	"	"	C	o	l	o	r	s	"	"	D	I	n	t	"	"	6	7	1	"	"
B	L	U	E	2	_	T	E	A	L	0	"	"	C	o	l	o	r	s	"	"	D	I	n	t	"	"	6	7	2	"	"
B	L	U	E	2	_	T	E	A	L	1	"	"	C	o	l	o	r	s	"	"	D	I	n	t	"	"	6	7	3	"	"
B	L	U	E	2	_	T	E	A	L	2	"	"	C	o	l	o	r	s	"	"	D	I	n	t	"	"	6	7	4	"	"
F	L	A	S	H	_	B	L	U	E	0	_	P	U	R	P	L	E	0	"	"	C	o	l	o	r	s	"	"	D	I	n	t	"	"	6	7	5	"	"
F	L	A	S	H	_	B	L	U	E	0	_	P	U	R	P	L	E	1	"	"	C	o	l	o	r	s	"	"	D	I	n	t	"	"	6	7	6	"	"
F	L	A	S	H	_	B	L	U	E	0	_	P	U	R	P	L	E	2	"	"	C	o	l	o	r	s	"	"	D	I	n	t	"	"	6	7	7	"	"
F	L	A	S	H	_	B	L	U	E	1	_	P	U	R	P	L	E	0	"	"	C	o	l	o	r	s	"	"	D	I	n	t	"	"	6	7	8	"	"
F	L	A	S	H	_	B	L	U	E	1	_	P	U	R	P	L	E	1	"	"	C	o	l	o	r	s	"	"	D	I	n	t	"	"	6	7	9	"	"
F	L	A	S	H	_	B	L	U	E	1	_	P	U	R	P	L	E	2	"	"	C	o	l	o	r	s	"	"	D	I	n	t	"	"	6	8	0	"	"
F	L	A	S	H	_	B	L	U	E	2	_	P	U	R	P	L	E	0	"	"	C	o	l	o	r	s	"	"	D	I	n	t	"	"	6	8	1	"	"
F	L	A	S	H	_	B	L	U	E	2	_	P	U	R	P	L	E	1	"	"	C	o	l	o	r	s	"	"	D	I	n	t	"	"	6	8	2	"	"
F	L	A	S	H	_	B	L	U	E	2	_	P	U	R	P	L	E	2	"	"	C	o	l	o	r	s	"	"	D	I	n	t	"	"	6	8	3	"	"
B	L	U	E	0	_	P	U	R	P	L	E	0	"	"	C	o	l	o	r	s	"	"	D	I	n	t	"	"	6	8	4	"	"
B	L	U	E	0	_	P	U	R	P	L	E	1	"	"	C	o	l	o	r	s	"	"	D	I	n	t	"	"	6	8	5	"	"
B	L	U	E	0	_	P	U	R	P	L	E	2	"	"	C	o	l	o	r	s	"	"	D	I	n	t	"	"	6	8	6	"	"
B	L	U	E	1	_	P	U	R	P	L	E	0	"	"	C	o	l	o	r	s	"	"	D	I	n	t	"	"	6	8	7	"	"
B	L	U	E	1	_	P	U	R	P	L	E	1	"	"	C	o	l	o	r	s	"	"	D	I	n	t	"	"	6	8	8	"	"
B	L	U	E	1	_	P	U	R	P	L	E	2	"	"	C	o	l	o	r	s	"	"	D	I	n	t	"	"	6	8	9	"	"
B	L	U	E	2	_	P	U	R	P	L	E	0	"	"	C	o	l	o	r	s	"	"	D	I	n	t	"	"	6	9	0	"	"
B	L	U	E	2	_	P	U	R	P	L	E	1	"	"	C	o	l	o	r	s	"	"	D	I	n	t	"	"	6	9	1	"	"
B	L	U	E	2	_	P	U	R	P	L	E	2	"	"	C	o	l	o	r	s	"	"	D	I	n	t	"	"	6	9	2	"	"
P	U	R	P	L	E	0	_	W	H	I	T	E	0	"	"	C	o	l	o	r	s	"	"	D	I	n	t	"	"	6	9	3	"	"
P	U	R	P	L	E	0	_	W	H	I	T	E	1	"	"	C	o	l	o	r	s	"	"	D	I	n	t	"	"	6	9	4	"	"
P	U	R	P	L	E	0	_	W	H	I	T	E	2	"	"	C	o	l	o	r	s	"	"	D	I	n	t	"	"	6	9	5	"	"
P	U	R	P	L	E	1	_	W	H	I	T	E	0	"	"	C	o	l	o	r	s	"	"	D	I	n	t	"	"	6	9	6	"	"
P	U	R	P	L	E	1	_	W	H	I	T	E	1	"	"	C	o	l	o	r	s	"	"	D	I	n	t	"	"	6	9	7	"	"
P	U	R	P	L	E	1	_	W	H	I	T	E	2	"	"	C	o	l	o	r	s	"	"	D	I	n	t	"	"	6	9	8	"	"
P	U	R	P	L	E	2	_	W	H	I	T	E	0	"	"	C	o	l	o	r	s	"	"	D	I	n	t	"	"	6	9	9	"	"
P	U	R	P	L	E	2	_	W	H	I	T	E	1	"	"	C	o	l	o	r	s	"	"	D	I	n	t	"	"	7	0	0	"	"
P	U	R	P	L	E	2	_	W	H	I	T	E	2	"	"	C	o	l	o	r	s	"	"	D	I	n	t	"	"	7	0	1	"	"
P	U	R	P	L	E	0	_	B	L	A	C	K	0	"	"	C	o	l	o	r	s	"	"	D	I	n	t	"	"	7	0	2	"	"
P	U	R	P	L	E	0	_	B	L	A	C	K	1	"	"	C	o	l	o	r	s	"	"	D	I	n	t	"	"	7	0	3	"	"
P	U	R	P	L	E	0	_	B	L	A	C	K	2	"	"	C	o	l	o	r	s	"	"	D	I	n	t	"	"	7	0	4	"	"
P	U	R	P	L	E	1	_	B	L	A	C	K	0	"	"	C	o	l	o	r	s	"	"	D	I	n	t	"	"	7	0	5	"	"
P	U	R	P	L	E	1	_	B	L	A	C	K	1	"	"	C	o	l	o	r	s	"	"	D	I	n	t	"	"	7	0	6	"	"
P	U	R	P	L	E	1	_	B	L	A	C	K	2	"	"	C	o	l	o	r	s	"	"	D	I	n	t	"	"	7	0	7	"	"
P	U	R	P	L	E	2	_	B	L	A	C	K	0	"	"	C	o	l	o	r	s	"	"	D	I	n	t	"	"	7	0	8	"	"
P	U	R	P	L	E	2	_	B	L	A	C	K	1	"	"	C	o	l	o	r	s	"	"	D	I	n	t	"	"	7	0	9	"	"
P	U	R	P	L	E	2	_	B	L	A	C	K	2	"	"	C	o	l	o	r	s	"	"	D	I	n	t	"	"	7	1	0	"	"
P	U	R	P	L	E	0	_	R	E	D	0	"	"	C	o	l	o	r	s	"	"	D	I	n	t	"	"	7	1	1	"	"
P	U	R	P	L	E	0	_	R	E	D	1	"	"	C	o	l	o	r	s	"	"	D	I	n	t	"	"	7	1	2	"	"
P	U	R	P	L	E	0	_	R	E	D	2	"	"	C	o	l	o	r	s	"	"	D	I	n	t	"	"	7	1	3	"	"
P	U	R	P	L	E	1	_	R	E	D	0	"	"	C	o	l	o	r	s	"	"	D	I	n	t	"	"	7	1	4	"	"
P	U	R	P	L	E	1	_	R	E	D	1	"	"	C	o	l	o	r	s	"	"	D	I	n	t	"	"	7	1	5	"	"
P	U	R	P	L	E	1	_	R	E	D	2	"	"	C	o	l	o	r	s	"	"	D	I	n	t	"	"	7	1	6	"	"
P	U	R	P	L	E	2	_	R	E	D	0	"	"	C	o	l	o	r	s	"	"	D	I	n	t	"	"	7	1	7	"	"
P	U	R	P	L	E	2	_	R	E	D	1	"	"	C	o	l	o	r	s	"	"	D	I	n	t	"	"	7	1	8	"	"
P	U	R	P	L	E	2	_	R	E	D	2	"	"	C	o	l	o	r	s	"	"	D	I	n	t	"	"	7	1	9	"	"
P	U	R	P	L	E	0	_	Y	E	L	L	O	W	0	"	"	C	o	l	o	r	s	"	"	D	I	n	t	"	"	7	2	0	"	"
P	U	R	P	L	E	0	_	Y	E	L	L	O	W	1	"	"	C	o	l	o	r	s	"	"	D	I	n	t	"	"	7	2	1	"	"
P	U	R	P	L	E	0	_	Y	E	L	L	O	W	2	"	"	C	o	l	o	r	s	"	"	D	I	n	t	"	"	7	2	2	"	"
P	U	R	P	L	E	1	_	Y	E	L	L	O	W	0	"	"	C	o	l	o	r	s	"	"	D	I	n	t	"	"	7	2	3	"	"
P	U	R	P	L	E	1	_	Y	E	L	L	O	W	1	"	"	C	o	l	o	r	s	"	"	D	I	n	t	"	"	7	2	4	"	"
P	U	R	P	L	E	1	_	Y	E	L	L	O	W	2	"	"	C	o	l	o	r	s	"	"	D	I	n	t	"	"	7	2	5	"	"
P	U	R	P	L	E	2	_	Y	E	L	L	O	W	0	"	"	C	o	l	o	r	s	"	"	D	I	n	t	"	"	7	2	6	"	"
P	U	R	P	L	E	2	_	Y	E	L	L	O	W	1	"	"	C	o	l	o	r	s	"	"	D	I	n	t	"	"	7	2	7	"	"
P	U	R	P	L	E	2	_	Y	E	L	L	O	W	2	"	"	C	o	l	o	r	s	"	"	D	I	n	t	"	"	7	2	8	"	"
P	U	R	P	L	E	0	_	G	R	E	E	N	0	"	"	C	o	l	o	r	s	"	"	D	I	n	t	"	"	7	2	9	"	"
P	U	R	P	L	E	0	_	G	R	E	E	N	1	"	"	C	o	l	o	r	s	"	"	D	I	n	t	"	"	7	3	0	"	"
P	U	R	P	L	E	0	_	G	R	E	E	N	2	"	"	C	o	l	o	r	s	"	"	D	I	n	t	"	"	7	3	1	"	"
P	U	R	P	L	E	1	_	G	R	E	E	N	0	"	"	C	o	l	o	r	s	"	"	D	I	n	t	"	"	7	3	2	"	"
P	U	R	P	L	E	1	_	G	R	E	E	N	1	"	"	C	o	l	o	r	s	"	"	D	I	n	t	"	"	7	3	3	"	"
P	U	R	P	L	E	1	_	G	R	E	E	N	2	"	"	C	o	l	o	r	s	"	"	D	I	n	t	"	"	7	3	4	"	"
P	U	R	P	L	E	2	_	G	R	E	E	N	0	"	"	C	o	l	o	r	s	"	"	D	I	n	t	"	"	7	3	5	"	"
P	U	R	P	L	E	2	_	G	R	E	E	N	1	"	"	C	o	l	o	r	s	"	"	D	I	n	t	"	"	7	3	6	"	"
P	U	R	P	L	E	2	_	G	R	E	E	N	2	"	"	C	o	l	o	r	s	"	"	D	I	n	t	"	"	7	3	7	"	"
P	U	R	P	L	E	0	_	T	E	A	L	0	"	"	C	o	l	o	r	s	"	"	D	I	n	t	"	"	7	3	8	"	"
P	U	R	P	L	E	0	_	T	E	A	L	1	"	"	C	o	l	o	r	s	"	"	D	I	n	t	"	"	7	3	9	"	"
P	U	R	P	L	E	0	_	T	E	A	L	2	"	"	C	o	l	o	r	s	"	"	D	I	n	t	"	"	7	4	0	"	"
P	U	R	P	L	E	1	_	T	E	A	L	0	"	"	C	o	l	o	r	s	"	"	D	I	n	t	"	"	7	4	1	"	"
P	U	R	P	L	E	1	_	T	E	A	L	1	"	"	C	o	l	o	r	s	"	"	D	I	n	t	"	"	7	4	2	"	"
P	U	R	P	L	E	1	_	T	E	A	L	2	"	"	C	o	l	o	r	s	"	"	D	I	n	t	"	"	7	4	3	"	"
P	U	R	P	L	E	2	_	T	E	A	L	0	"	"	C	o	l	o	r	s	"	"	D	I	n	t	"	"	7	4	4	"	"
P	U	R	P	L	E	2	_	T	E	A	L	1	"	"	C	o	l	o	r	s	"	"	D	I	n	t	"	"	7	4	5	"	"
P	U	R	P	L	E	2	_	T	E	A	L	2	"	"	C	o	l	o	r	s	"	"	D	I	n	t	"	"	7	4	6	"	"
P	U	R	P	L	E	0	_	B	L	U	E	0	"	"	C	o	l	o	r	s	"	"	D	I	n	t	"	"	7	4	7	"	"
P	U	R	P	L	E	0	_	B	L	U	E	1	"	"	C	o	l	o	r	s	"	"	D	I	n	t	"	"	7	4	8	"	"
P	U	R	P	L	E	0	_	B	L	U	E	2	"	"	C	o	l	o	r	s	"	"	D	I	n	t	"	"	7	4	9	"	"
P	U	R	P	L	E	1	_	B	L	U	E	0	"	"	C	o	l	o	r	s	"	"	D	I	n	t	"	"	7	5	0	"	"
P	U	R	P	L	E	1	_	B	L	U	E	1	"	"	C	o	l	o	r	s	"	"	D	I	n	t	"	"	7	5	1	"	"
P	U	R	P	L	E	1	_	B	L	U	E	2	"	"	C	o	l	o	r	s	"	"	D	I	n	t	"	"	7	5	2	"	"
P	U	R	P	L	E	2	_	B	L	U	E	0	"	"	C	o	l	o	r	s	"	"	D	I	n	t	"	"	7	5	3	"	"
P	U	R	P	L	E	2	_	B	L	U	E	1	"	"	C	o	l	o	r	s	"	"	D	I	n	t	"	"	7	5	4	"	"
P	U	R	P	L	E	2	_	B	L	U	E	2	"	"	C	o	l	o	r	s	"	"	D	I	n	t	"	"	7	5	5	"	"

